time_min,carbon_tax,inlet_temp,u1_flow,u1_outlet,u2_flow,u2_outlet,baseline_opex,optimized_opex,savings
1.0,40.0,25.0,8.0,100.48,5.0,119.35,4831.97,4499.69,332.28
2.0,40.0,25.0,7.98,100.85,5.05,118.88,4822.72,4493.51,329.21
3.0,40.0,25.0,7.93,101.08,5.14,118.57,4815.01,4485.81,329.2
4.0,40.0,25.0,7.88,101.19,5.26,118.38,4808.59,4477.81,330.77
5.0,40.0,25.0,7.82,101.18,5.39,118.29,4803.23,4470.73,332.51
6.0,40.0,25.0,7.76,101.08,5.52,118.28,4798.77,4465.95,332.82
7.0,40.0,25.0,7.71,100.9,5.66,118.31,4795.06,4464.39,330.66
8.0,40.0,25.0,7.66,100.69,5.8,118.38,4791.96,4467.18,324.78
9.0,40.0,25.0,7.63,100.45,5.92,118.48,4789.38,4474.25,315.13
10.0,40.0,25.0,7.61,100.22,6.05,118.59,4787.23,4485.69,301.54
11.0,40.0,25.0,7.59,100.01,6.16,118.72,4785.43,4500.92,284.52
12.0,40.0,25.0,7.59,99.83,6.26,118.85,4783.94,4519.04,264.9
13.0,40.0,25.0,7.6,99.69,6.35,119.0,4782.69,4539.24,243.46
14.0,40.0,25.0,7.62,99.61,6.43,119.15,4781.66,4560.24,221.42
15.0,40.0,25.0,7.64,99.56,6.5,119.31,4780.79,4580.66,200.14
16.0,40.0,25.0,7.66,99.57,6.56,119.47,4780.07,4599.68,180.39
17.0,40.0,25.0,7.68,99.6,6.6,119.63,4779.47,4616.01,163.46
18.0,40.0,25.0,7.7,99.67,6.63,119.79,4778.97,4629.27,149.71
19.0,40.0,25.0,7.72,99.74,6.65,119.94,4778.55,4638.65,139.9
20.0,40.0,25.0,7.73,99.83,6.65,120.07,4778.21,4644.4,133.81
21.0,40.0,25.0,7.74,99.92,6.64,120.2,4777.92,4646.4,131.51
22.0,40.0,25.0,7.74,100.0,6.63,120.3,4777.68,4644.76,132.91
23.0,40.0,25.0,7.74,100.06,6.6,120.38,4777.48,4640.15,137.32
24.0,40.0,25.0,7.74,100.11,6.57,120.44,4777.31,4633.32,143.98
25.0,40.0,25.0,7.73,100.14,6.54,120.48,4777.17,4624.78,152.38
26.0,40.0,25.0,7.73,100.16,6.5,120.49,4777.05,4615.24,161.81
27.0,40.0,25.0,7.72,100.16,6.46,120.47,4776.95,4605.29,171.67
28.0,40.0,25.0,7.71,100.15,6.42,120.44,4776.87,4595.74,181.13
29.0,40.0,25.0,7.7,100.12,6.39,120.4,4776.81,4586.92,189.88
30.0,40.0,25.0,7.7,100.09,6.36,120.34,4776.75,4579.38,197.37
31.0,40.0,25.0,7.69,100.06,6.33,120.27,4776.7,4573.31,203.39
32.0,40.0,25.0,7.69,100.03,6.31,120.2,4776.66,4568.83,207.83
33.0,40.0,25.0,7.69,100.0,6.29,120.12,4776.63,4565.91,210.73
34.0,40.0,25.0,7.69,99.98,6.28,120.06,4776.61,4564.64,211.96
35.0,40.0,25.0,7.69,99.96,6.28,120.0,4776.58,4564.54,212.04
36.0,40.0,25.0,7.69,99.95,6.28,119.94,4776.56,4565.6,210.96
37.0,40.0,25.0,7.69,99.94,6.28,119.9,4776.55,4567.59,208.96
38.0,40.0,25.0,7.7,99.94,6.29,119.87,4776.54,4570.26,206.28
39.0,40.0,25.0,7.7,99.95,6.3,119.85,4776.52,4573.25,203.27
40.0,40.0,25.0,7.7,99.96,6.31,119.84,4776.52,4576.24,200.28
41.0,40.0,25.0,7.7,99.97,6.33,119.84,4776.51,4579.09,197.42
42.0,40.0,25.0,7.71,99.98,6.34,119.85,4776.5,4581.71,194.8
43.0,40.0,25.0,7.71,99.99,6.35,119.86,4776.5,4583.96,192.53
44.0,40.0,25.0,7.71,100.0,6.36,119.88,4776.49,4585.87,190.62
45.0,40.0,25.0,7.71,100.01,6.37,119.91,4776.49,4587.31,189.18
46.0,40.0,25.0,7.71,100.01,6.38,119.93,4776.49,4588.16,188.33
47.0,40.0,25.0,7.71,100.02,6.38,119.95,4776.48,4588.77,187.71
48.0,40.0,25.0,7.71,100.02,6.39,119.97,4776.48,4588.93,187.55
49.0,40.0,25.0,7.7,100.02,6.39,119.99,4776.48,4588.85,187.63
50.0,40.0,25.0,7.7,100.02,6.39,120.01,4776.48,4588.53,187.94
51.0,40.0,25.0,7.7,100.01,6.39,120.02,4776.48,4587.98,188.5
52.0,40.0,25.0,7.7,100.01,6.39,120.03,4776.48,4587.53,188.95
53.0,40.0,25.0,7.7,100.01,6.39,120.04,4776.47,4586.96,189.52
54.0,40.0,25.0,7.7,100.0,6.38,120.04,4776.47,4586.26,190.22
55.0,40.0,25.0,7.7,100.0,6.38,120.04,4776.47,4585.78,190.69
56.0,40.0,25.0,7.7,100.0,6.38,120.04,4776.47,4585.3,191.17
57.0,40.0,25.0,7.7,100.0,6.37,120.03,4776.47,4584.82,191.65
58.0,40.0,25.0,7.7,99.99,6.37,120.03,4776.47,4584.46,192.01
59.0,40.0,25.0,7.7,99.99,6.37,120.02,4776.47,4584.31,192.16
60.0,40.0,25.0,7.7,99.99,6.37,120.02,4776.47,4584.29,192.18
61.0,40.0,25.0,7.7,99.99,6.37,120.01,4776.47,4584.25,192.22
62.0,40.0,25.0,7.7,100.0,6.36,120.01,4776.47,4584.34,192.13
63.0,40.0,25.0,7.7,100.0,6.36,120.01,4776.47,4584.19,192.28
64.0,40.0,25.0,7.7,100.0,6.36,120.0,4776.47,4584.05,192.42
65.0,40.0,25.0,7.7,100.0,6.36,120.0,4776.47,4584.04,192.43
66.0,40.0,25.0,7.7,100.0,6.36,120.0,4776.47,4584.03,192.44
67.0,40.0,25.0,7.7,100.0,6.36,120.0,4776.47,4584.03,192.44
68.0,40.0,25.0,7.7,100.0,6.36,119.99,4776.47,4584.02,192.45
69.0,40.0,25.0,7.7,100.0,6.36,119.99,4776.47,4584.14,192.33
70.0,40.0,25.0,7.7,100.0,6.36,119.99,4776.47,4584.27,192.2
71.0,40.0,25.0,7.7,100.0,6.37,119.99,4776.47,4584.39,192.08
72.0,40.0,25.0,7.7,100.0,6.37,119.99,4776.47,4584.51,191.96
73.0,40.0,25.0,7.7,100.0,6.37,120.0,4776.47,4584.64,191.83
74.0,40.0,25.0,7.7,100.0,6.37,120.0,4776.47,4584.64,191.83
75.0,40.0,25.0,7.7,100.0,6.37,120.0,4776.47,4584.64,191.83
76.0,40.0,25.0,7.7,100.0,6.37,120.0,4776.47,4584.63,191.84
77.0,40.0,25.0,7.7,100.0,6.37,120.0,4776.47,4584.63,191.84
78.0,40.0,25.0,7.7,100.0,6.37,120.0,4776.47,4584.63,191.84
79.0,40.0,25.0,7.7,100.0,6.37,120.0,4776.47,4584.63,191.84
80.0,40.0,25.0,7.7,100.0,6.37,120.0,4776.47,4584.63,191.84
81.0,40.0,25.0,7.7,100.0,6.37,120.0,4776.47,4584.63,191.84
82.0,40.0,25.0,7.7,100.0,6.37,120.0,4776.47,4584.63,191.84
83.0,40.0,25.0,7.7,100.0,6.37,120.0,4776.47,4584.63,191.84
84.0,40.0,25.0,7.7,100.0,6.37,120.0,4776.47,4584.63,191.84
85.0,40.0,25.0,7.7,100.0,6.37,120.0,4776.47,4584.63,191.84
86.0,40.0,25.0,7.7,100.0,6.37,120.0,4776.47,4584.63,191.84
87.0,40.0,25.0,7.7,100.0,6.37,120.0,4776.47,4584.63,191.84
88.0,40.0,25.0,7.7,100.0,6.37,120.0,4776.47,4584.63,191.84
89.0,40.0,25.0,7.7,100.0,6.37,120.0,4776.47,4584.63,191.84
90.0,40.0,25.0,7.7,100.0,6.37,120.0,4776.47,4584.63,191.84
91.0,40.0,25.0,7.7,100.0,6.37,120.0,4776.47,4584.63,191.84
92.0,40.0,25.0,7.7,100.0,6.37,120.0,4776.47,4584.63,191.84
93.0,40.0,25.0,7.7,100.0,6.37,120.0,4776.47,4584.63,191.84
94.0,40.0,25.0,7.7,100.0,6.37,120.0,4776.47,4584.63,191.84
95.0,40.0,25.0,7.7,100.0,6.37,120.0,4776.47,4584.63,191.84
96.0,40.0,25.0,7.7,100.0,6.37,120.0,4776.47,4584.63,191.84
97.0,40.0,25.0,7.7,100.0,6.37,120.0,4776.47,4584.63,191.84
98.0,40.0,25.0,7.7,100.0,6.37,120.0,4776.47,4584.63,191.84
99.0,40.0,25.0,7.7,100.0,6.37,120.0,4776.47,4584.63,191.84
100.0,40.0,25.0,7.7,100.0,6.37,120.0,4776.47,4584.63,191.84
101.0,40.0,25.0,7.7,100.0,6.37,120.0,4776.47,4584.63,191.84
102.0,40.0,25.0,7.7,100.0,6.37,120.0,4776.47,4584.63,191.84
103.0,40.0,25.0,7.7,100.0,6.37,120.0,4776.47,4584.63,191.84
104.0,40.0,25.0,7.7,100.0,6.37,120.0,4776.47,4584.63,191.84
105.0,40.0,25.0,7.7,100.0,6.37,120.0,4776.47,4584.63,191.84
106.0,40.0,25.0,7.7,100.0,6.37,120.0,4776.47,4584.63,191.84
107.0,40.0,25.0,7.7,100.0,6.37,120.0,4776.47,4584.63,191.84
108.0,40.0,25.0,7.7,100.0,6.37,120.0,4776.47,4584.63,191.84
109.0,40.0,25.0,7.7,100.0,6.37,120.0,4776.47,4584.63,191.84
110.0,40.0,25.0,7.7,100.0,6.37,120.0,4776.47,4584.63,191.84
111.0,40.0,25.0,7.7,100.0,6.37,120.0,4776.47,4584.63,191.84
112.0,40.0,25.0,7.7,100.0,6.37,120.0,4776.47,4584.63,191.84
113.0,40.0,25.0,7.7,100.0,6.37,120.0,4776.47,4584.63,191.84
114.0,40.0,25.0,7.7,100.0,6.37,120.0,4776.47,4584.63,191.84
115.0,40.0,25.0,7.7,100.0,6.37,120.0,4776.47,4584.63,191.84
116.0,40.0,25.0,7.7,100.0,6.37,120.0,4776.47,4584.63,191.84
117.0,40.0,25.0,7.7,100.0,6.37,120.0,4776.47,4584.63,191.84
118.0,40.0,25.0,7.7,100.0,6.37,120.0,4776.47,4584.63,191.84
119.0,40.0,25.0,7.7,100.0,6.37,120.0,4776.47,4584.63,191.84
120.0,40.0,25.0,7.7,100.0,6.37,120.0,4776.47,4584.63,191.84
121.0,40.0,25.0,7.7,100.0,6.37,120.0,4776.47,4584.63,191.84
122.0,40.0,25.0,7.7,100.0,6.37,120.0,4776.47,4584.63,191.84
123.0,40.0,25.0,7.7,100.0,6.37,120.0,4776.47,4584.63,191.84
124.0,40.0,25.0,7.7,100.0,6.37,120.0,4776.47,4584.63,191.84
125.0,40.0,25.0,7.7,100.0,6.37,120.0,4776.47,4584.63,191.84
126.0,40.0,25.0,7.7,100.0,6.37,120.0,4776.47,4584.63,191.84
127.0,40.0,25.0,7.7,100.0,6.37,120.0,4776.47,4584.63,191.84
128.0,40.0,25.0,7.7,100.0,6.37,120.0,4776.47,4584.63,191.84
129.0,40.0,25.0,7.7,100.0,6.37,120.0,4776.47,4584.63,191.84
130.0,40.0,25.0,7.7,100.0,6.37,120.0,4776.47,4584.63,191.84
131.0,40.0,25.0,7.7,100.0,6.37,120.0,4776.47,4584.63,191.84
132.0,40.0,25.0,7.7,100.0,6.37,120.0,4776.47,4584.63,191.84
133.0,40.0,25.0,7.7,100.0,6.37,120.0,4776.47,4584.63,191.84
134.0,40.0,25.0,7.7,100.0,6.37,120.0,4776.47,4584.63,191.84
135.0,40.0,25.0,7.7,100.0,6.37,120.0,4776.47,4584.63,191.84
136.0,40.0,25.0,7.7,100.0,6.37,120.0,4776.47,4584.63,191.84
137.0,40.0,25.0,7.7,100.0,6.37,120.0,4776.47,4584.63,191.84
138.0,40.0,25.0,7.7,100.0,6.37,120.0,4776.47,4584.63,191.84
139.0,40.0,25.0,7.7,100.0,6.37,120.0,4776.47,4584.63,191.84
140.0,40.0,25.0,7.7,100.0,6.37,120.0,4776.47,4584.63,191.84
141.0,40.0,25.0,7.7,100.0,6.37,120.0,4776.47,4584.63,191.84
142.0,40.0,25.0,7.7,100.0,6.37,120.0,4776.47,4584.63,191.84
143.0,40.0,25.0,7.7,100.0,6.37,120.0,4776.47,4584.63,191.84
144.0,40.0,25.0,7.7,100.0,6.37,120.0,4776.47,4584.63,191.84
145.0,40.0,25.0,7.7,100.0,6.37,120.0,4776.47,4584.63,191.84
146.0,40.0,25.0,7.7,100.0,6.37,120.0,4776.47,4584.63,191.84
147.0,40.0,25.0,7.7,100.0,6.37,120.0,4776.47,4584.63,191.84
148.0,40.0,25.0,7.7,100.0,6.37,120.0,4776.47,4584.63,191.84
149.0,40.0,25.0,7.7,100.0,6.37,120.0,4776.47,4584.63,191.84
150.0,40.0,25.0,7.7,100.0,6.37,120.0,4776.47,4584.63,191.84
151.0,40.0,25.0,7.7,100.0,6.37,120.0,4776.47,4584.63,191.84
152.0,40.0,25.0,7.7,100.0,6.37,120.0,4776.47,4584.63,191.84
153.0,40.0,25.0,7.7,100.0,6.37,120.0,4776.47,4584.63,191.84
154.0,40.0,25.0,7.7,100.0,6.37,120.0,4776.47,4584.63,191.84
155.0,40.0,25.0,7.7,100.0,6.37,120.0,4776.47,4584.63,191.84
156.0,40.0,25.0,7.7,100.0,6.37,120.0,4776.47,4584.63,191.84
157.0,40.0,25.0,7.7,100.0,6.37,120.0,4776.47,4584.63,191.84
158.0,40.0,25.0,7.7,100.0,6.37,120.0,4776.47,4584.63,191.84
159.0,40.0,25.0,7.7,100.0,6.37,120.0,4776.47,4584.63,191.84
160.0,40.0,25.0,7.7,100.0,6.37,120.0,4776.47,4584.63,191.84
161.0,40.0,25.0,7.7,100.0,6.37,120.0,4776.47,4584.63,191.84
162.0,40.0,25.0,7.7,100.0,6.37,120.0,4776.47,4584.63,191.84
163.0,40.0,25.0,7.7,100.0,6.37,120.0,4776.47,4584.63,191.84
164.0,40.0,25.0,7.7,100.0,6.37,120.0,4776.47,4584.63,191.84
165.0,40.0,25.0,7.7,100.0,6.37,120.0,4776.47,4584.63,191.84
166.0,40.0,25.0,7.7,100.0,6.37,120.0,4776.47,4584.63,191.84
167.0,40.0,25.0,7.7,100.0,6.37,120.0,4776.47,4584.63,191.84
168.0,40.0,25.0,7.7,100.0,6.37,120.0,4776.47,4584.63,191.84
169.0,40.0,25.0,7.7,100.0,6.37,120.0,4776.47,4584.63,191.84
170.0,40.0,25.0,7.7,100.0,6.37,120.0,4776.47,4584.63,191.84
171.0,40.0,25.0,7.7,100.0,6.37,120.0,4776.47,4584.63,191.84
172.0,40.0,25.0,7.7,100.0,6.37,120.0,4776.47,4584.63,191.84
173.0,40.0,25.0,7.7,100.0,6.37,120.0,4776.47,4584.63,191.84
174.0,40.0,25.0,7.7,100.0,6.37,120.0,4776.47,4584.63,191.84
175.0,40.0,25.0,7.7,100.0,6.37,120.0,4776.47,4584.63,191.84
176.0,40.0,25.0,7.7,100.0,6.37,120.0,4776.47,4584.63,191.84
177.0,40.0,25.0,7.7,100.0,6.37,120.0,4776.47,4584.63,191.84
178.0,40.0,25.0,7.7,100.0,6.37,120.0,4776.47,4584.63,191.84
179.0,40.0,25.0,7.7,100.0,6.37,120.0,4776.47,4584.63,191.84
180.0,40.0,25.0,7.7,100.0,6.37,120.0,4776.47,4584.63,191.84
181.0,40.0,25.0,7.7,100.0,6.37,120.0,4776.47,4584.63,191.84
182.0,40.0,25.0,7.7,100.0,6.37,120.0,4776.47,4584.63,191.84
183.0,40.0,25.0,7.7,100.0,6.37,120.0,4776.47,4584.63,191.84
184.0,40.0,25.0,7.7,100.0,6.37,120.0,4776.47,4584.63,191.84
185.0,40.0,25.0,7.7,100.0,6.37,120.0,4776.47,4584.63,191.84
186.0,40.0,25.0,7.7,100.0,6.37,120.0,4776.47,4584.63,191.84
187.0,40.0,25.0,7.7,100.0,6.37,120.0,4776.47,4584.63,191.84
188.0,40.0,25.0,7.7,100.0,6.37,120.0,4776.47,4584.63,191.84
189.0,40.0,25.0,7.7,100.0,6.37,120.0,4776.47,4584.63,191.84
190.0,40.0,25.0,7.7,100.0,6.37,120.0,4776.47,4584.63,191.84
191.0,40.0,25.0,7.7,100.0,6.37,120.0,4776.47,4584.63,191.84
192.0,40.0,25.0,7.7,100.0,6.37,120.0,4776.47,4584.63,191.84
193.0,40.0,25.0,7.7,100.0,6.37,120.0,4776.47,4584.63,191.84
194.0,40.0,25.0,7.7,100.0,6.37,120.0,4776.47,4584.63,191.84
195.0,40.0,25.0,7.7,100.0,6.37,120.0,4776.47,4584.63,191.84
196.0,40.0,25.0,7.7,100.0,6.37,120.0,4776.47,4584.63,191.84
197.0,40.0,25.0,7.7,100.0,6.37,120.0,4776.47,4584.63,191.84
198.0,40.0,25.0,7.7,100.0,6.37,120.0,4776.47,4584.63,191.84
199.0,40.0,25.0,7.7,100.0,6.37,120.0,4776.47,4584.63,191.84
200.0,40.0,25.0,7.7,100.0,6.37,120.0,4776.47,4584.63,191.84
201.0,40.0,25.0,7.7,100.0,6.37,120.0,4776.47,4584.63,191.84
202.0,40.0,25.0,7.7,100.0,6.37,120.0,4776.47,4584.63,191.84
203.0,40.0,25.0,7.7,100.0,6.37,120.0,4776.47,4584.63,191.84
204.0,40.0,25.0,7.7,100.0,6.37,120.0,4776.47,4584.63,191.84
205.0,40.0,25.0,7.7,100.0,6.37,120.0,4776.47,4584.63,191.84
206.0,40.0,25.0,7.7,100.0,6.37,120.0,4776.47,4584.63,191.84
207.0,40.0,25.0,7.7,100.0,6.37,120.0,4776.47,4584.63,191.84
208.0,40.0,25.0,7.7,100.0,6.37,120.0,4776.47,4584.63,191.84
209.0,40.0,25.0,7.7,100.0,6.37,120.0,4776.47,4584.63,191.84
210.0,40.0,25.0,7.7,100.0,6.37,120.0,4776.47,4584.63,191.84
211.0,40.0,25.0,7.7,100.0,6.37,120.0,4776.47,4584.63,191.84
212.0,40.0,25.0,7.7,100.0,6.37,120.0,4776.47,4584.63,191.84
213.0,40.0,25.0,7.7,100.0,6.37,120.0,4776.47,4584.63,191.84
214.0,40.0,25.0,7.7,100.0,6.37,120.0,4776.47,4584.63,191.84
215.0,40.0,25.0,7.7,100.0,6.37,120.0,4776.47,4584.63,191.84
216.0,40.0,25.0,7.7,100.0,6.37,120.0,4776.47,4584.63,191.84
217.0,40.0,25.0,7.7,100.0,6.37,120.0,4776.47,4584.63,191.84
218.0,40.0,25.0,7.7,100.0,6.37,120.0,4776.47,4584.63,191.84
219.0,40.0,25.0,7.7,100.0,6.37,120.0,4776.47,4584.63,191.84
220.0,40.0,25.0,7.7,100.0,6.37,120.0,4776.47,4584.63,191.84
221.0,40.0,25.0,7.7,100.0,6.37,120.0,4776.47,4584.63,191.84
222.0,40.0,25.0,7.7,100.0,6.37,120.0,4776.47,4584.63,191.84
223.0,40.0,25.0,7.7,100.0,6.37,120.0,4776.47,4584.63,191.84
224.0,40.0,25.0,7.7,100.0,6.37,120.0,4776.47,4584.63,191.84
225.0,40.0,25.0,7.7,100.0,6.37,120.0,4776.47,4584.63,191.84
226.0,40.0,25.0,7.7,100.0,6.37,120.0,4776.47,4584.63,191.84
227.0,40.0,25.0,7.7,100.0,6.37,120.0,4776.47,4584.63,191.84
228.0,40.0,25.0,7.7,100.0,6.37,120.0,4776.47,4584.63,191.84
229.0,40.0,25.0,7.7,100.0,6.37,120.0,4776.47,4584.63,191.84
230.0,40.0,25.0,7.7,100.0,6.37,120.0,4776.47,4584.63,191.84
231.0,40.0,25.0,7.7,100.0,6.37,120.0,4776.47,4584.63,191.84
232.0,40.0,25.0,7.7,100.0,6.37,120.0,4776.47,4584.63,191.84
233.0,40.0,25.0,7.7,100.0,6.37,120.0,4776.47,4584.63,191.84
234.0,40.0,25.0,7.7,100.0,6.37,120.0,4776.47,4584.63,191.84
235.0,40.0,25.0,7.7,100.0,6.37,120.0,4776.47,4584.63,191.84
236.0,40.0,25.0,7.7,100.0,6.37,120.0,4776.47,4584.63,191.84
237.0,40.0,25.0,7.7,100.0,6.37,120.0,4776.47,4584.63,191.84
238.0,40.0,25.0,7.7,100.0,6.37,120.0,4776.47,4584.63,191.84
239.0,40.0,25.0,7.7,100.0,6.37,120.0,4776.47,4584.63,191.84
240.0,65.0,24.6,7.7,99.97,6.37,120.0,7627.99,7333.23,294.75
241.0,65.0,24.28,7.68,99.88,6.35,119.97,7641.43,7327.61,313.82
242.0,65.0,24.03,7.67,99.77,6.33,119.93,7652.42,7324.0,328.42
243.0,65.0,23.83,7.66,99.64,6.32,119.87,7661.23,7323.4,337.83
244.0,65.0,23.69,7.66,99.52,6.31,119.8,7668.15,7327.01,341.14
245.0,65.0,23.58,7.66,99.41,6.3,119.72,7673.41,7334.72,338.69
246.0,65.0,23.51,7.67,99.33,6.3,119.65,7677.24,7346.44,330.8
247.0,65.0,23.47,7.69,99.29,6.31,119.59,7679.85,7360.98,318.87
248.0,65.0,23.45,7.7,99.27,6.32,119.55,7681.41,7376.81,304.6
249.0,65.0,23.91,7.72,99.33,6.34,119.52,7663.63,7375.73,287.91
250.0,65.0,24.28,7.73,99.43,6.36,119.53,7648.27,7374.82,273.45
251.0,65.0,24.6,7.74,99.55,6.38,119.55,7635.1,7371.84,263.26
252.0,65.0,24.86,7.74,99.68,6.39,119.6,7623.89,7365.88,258.01
253.0,65.0,25.07,7.74,99.8,6.4,119.66,7614.43,7356.0,258.44
254.0,65.0,25.24,7.73,99.9,6.41,119.73,7606.54,7342.34,264.19
255.0,65.0,25.37,7.71,99.96,6.41,119.79,7600.01,7325.4,274.61
256.0,65.0,25.48,7.7,100.0,6.41,119.85,7594.7,7306.71,287.99
257.0,65.0,25.56,7.68,100.01,6.4,119.89,7590.45,7286.86,303.59
258.0,65.0,25.62,7.66,99.98,6.39,119.92,7587.11,7267.15,319.96
259.0,65.0,25.66,7.64,99.94,6.38,119.93,7584.57,7249.03,335.54
260.0,65.0,25.69,7.62,99.87,6.36,119.93,7582.71,7233.04,349.68
261.0,65.0,25.71,7.61,99.8,6.35,119.9,7581.44,7220.25,361.18
262.0,65.0,25.71,7.6,99.72,6.34,119.87,7580.66,7211.08,369.58
263.0,65.0,25.71,7.59,99.65,6.33,119.83,7580.3,7205.71,374.59
264.0,65.0,25.7,7.59,99.58,6.32,119.78,7580.29,7203.82,376.47
265.0,65.0,25.69,7.59,99.53,6.32,119.73,7580.57,7205.49,375.07
266.0,65.0,25.67,7.59,99.49,6.32,119.69,7581.08,7209.93,371.15
267.0,65.0,25.65,7.6,99.46,6.32,119.65,7581.78,7216.5,365.28
268.0,65.0,25.62,7.61,99.44,6.33,119.62,7582.63,7224.82,357.81
269.0,65.0,25.6,7.61,99.44,6.34,119.6,7583.6,7234.3,349.3
270.0,65.0,25.57,7.62,99.45,6.36,119.59,7584.66,7244.02,340.63
271.0,65.0,25.54,7.63,99.47,6.37,119.59,7585.77,7253.45,332.32
272.0,65.0,25.51,7.64,99.49,6.38,119.61,7586.93,7262.04,324.88
273.0,65.0,25.49,7.64,99.52,6.39,119.62,7588.1,7269.44,318.66
274.0,65.0,25.46,7.64,99.55,6.4,119.65,7589.29,7275.52,313.77
275.0,65.0,25.43,7.65,99.57,6.41,119.68,7590.47,7279.9,310.57
276.0,65.0,25.41,7.65,99.59,6.42,119.7,7591.63,7282.99,308.65
277.0,65.0,25.38,7.65,99.6,6.42,119.73,7592.77,7284.98,307.79
278.0,65.0,25.36,7.65,99.61,6.42,119.76,7593.89,7286.06,307.83
279.0,65.0,25.34,7.65,99.62,6.42,119.78,7594.96,7286.21,308.75
280.0,65.0,25.31,7.65,99.62,6.42,119.79,7596.0,7285.64,310.37
281.0,65.0,25.29,7.65,99.62,6.42,119.8,7597.0,7284.89,312.11
282.0,65.0,25.27,7.65,99.61,6.41,119.81,7597.95,7283.96,313.99
283.0,65.0,25.25,7.65,99.6,6.41,119.81,7598.86,7283.19,315.67
284.0,65.0,25.24,7.65,99.6,6.4,119.81,7599.73,7282.76,316.97
285.0,65.0,25.22,7.65,99.59,6.4,119.81,7600.55,7282.3,318.25
286.0,65.0,25.2,7.65,99.58,6.39,119.8,7601.33,7282.16,319.16
287.0,65.0,25.19,7.65,99.58,6.39,119.79,7602.06,7282.53,319.52
288.0,65.0,25.17,7.65,99.57,6.38,119.78,7602.75,7283.05,319.7
289.0,65.0,25.16,7.65,99.57,6.38,119.77,7603.4,7284.06,319.33
290.0,65.0,25.15,7.65,99.57,6.38,119.76,7604.01,7285.22,318.79
291.0,65.0,25.14,7.65,99.57,6.38,119.76,7604.58,7286.52,318.06
292.0,65.0,25.13,7.65,99.58,6.38,119.75,7605.11,7287.76,317.35
293.0,65.0,25.12,7.65,99.58,6.38,119.75,7605.61,7288.8,316.8
294.0,65.0,25.11,7.66,99.58,6.38,119.74,7606.07,7289.82,316.26
295.0,65.0,25.1,7.66,99.58,6.38,119.74,7606.51,7291.0,315.51
296.0,65.0,25.09,7.66,99.59,6.38,119.74,7606.91,7292.15,314.76
297.0,65.0,25.08,7.66,99.59,6.38,119.74,7607.29,7292.92,314.37
298.0,65.0,25.08,7.66,99.6,6.38,119.74,7607.64,7293.68,313.96
299.0,65.0,25.07,7.66,99.6,6.38,119.74,7607.96,7294.07,313.89
300.0,65.0,25.07,7.66,99.6,6.38,119.74,7608.26,7294.45,313.81
301.0,65.0,25.06,7.66,99.6,6.38,119.74,7608.54,7294.84,313.7
302.0,65.0,25.06,7.66,99.6,6.39,119.75,7608.8,7295.21,313.58
303.0,65.0,25.05,7.66,99.6,6.39,119.75,7609.03,7295.38,313.65
304.0,65.0,25.05,7.66,99.6,6.39,119.75,7609.25,7295.55,313.71
305.0,65.0,25.04,7.66,99.6,6.39,119.75,7609.46,7295.7,313.75
306.0,65.0,25.04,7.66,99.6,6.39,119.75,7609.65,7295.85,313.79
307.0,65.0,25.04,7.66,99.59,6.39,119.75,7609.82,7295.99,313.83
308.0,65.0,25.03,7.66,99.59,6.39,119.75,7609.98,7296.48,313.5
309.0,65.0,25.03,7.66,99.59,6.39,119.75,7610.13,7296.95,313.18
310.0,65.0,25.03,7.66,99.6,6.39,119.75,7610.26,7297.4,312.87
311.0,65.0,25.03,7.66,99.6,6.39,119.75,7610.39,7297.47,312.91
312.0,65.0,25.02,7.66,99.6,6.39,119.75,7610.5,7297.55,312.96
313.0,65.0,25.02,7.66,99.6,6.39,119.75,7610.61,7297.62,312.99
314.0,65.0,25.02,7.66,99.6,6.39,119.75,7610.7,7297.69,313.02
315.0,65.0,25.02,7.66,99.6,6.39,119.75,7610.79,7297.75,313.04
316.0,65.0,24.62,7.66,99.56,6.39,119.75,7627.11,7312.87,314.24
317.0,65.0,24.29,7.66,99.51,6.39,119.74,7640.64,7326.95,313.69
318.0,65.0,24.04,7.67,99.45,6.39,119.72,7651.7,7340.75,310.95
319.0,65.0,23.85,7.67,99.39,6.39,119.7,7660.58,7355.04,305.54
320.0,65.0,23.7,7.68,99.35,6.39,119.69,7667.56,7369.98,297.58
321.0,65.0,23.59,7.7,99.33,6.4,119.67,7672.88,7384.82,288.07
322.0,65.0,23.52,7.71,99.33,6.4,119.66,7676.77,7399.21,277.56
323.0,65.0,23.48,7.72,99.34,6.41,119.66,7679.42,7412.42,266.99
324.0,65.0,23.46,7.74,99.38,6.42,119.66,7681.02,7424.1,256.92
325.0,65.0,23.46,7.75,99.42,6.43,119.68,7681.73,7433.33,248.4
326.0,65.0,23.47,7.76,99.48,6.43,119.7,7681.7,7439.94,241.77
327.0,65.0,23.5,7.76,99.53,6.44,119.73,7681.06,7443.37,237.68
328.0,65.0,23.54,7.77,99.59,6.44,119.76,7679.9,7443.98,235.92
329.0,65.0,23.58,7.77,99.64,6.44,119.79,7678.33,7441.54,236.79
330.0,65.0,23.63,7.77,99.69,6.43,119.82,7676.44,7436.56,239.88
331.0,65.0,23.69,7.76,99.72,6.43,119.85,7674.3,7429.15,245.15
332.0,65.0,23.74,7.75,99.74,6.42,119.87,7671.97,7420.12,251.86
333.0,65.0,23.8,7.75,99.76,6.41,119.88,7669.51,7410.07,259.44
334.0,65.0,23.86,7.74,99.76,6.4,119.89,7666.96,7399.24,267.72
335.0,65.0,23.92,7.73,99.75,6.39,119.89,7664.36,7388.37,275.98
336.0,65.0,23.98,7.72,99.74,6.38,119.88,7661.74,7378.02,283.72
337.0,65.0,24.04,7.72,99.73,6.37,119.86,7659.13,7368.37,290.76
338.0,65.0,24.1,7.71,99.71,6.36,119.84,7656.55,7359.61,296.95
339.0,65.0,24.15,7.71,99.69,6.35,119.82,7654.03,7352.07,301.95
340.0,65.0,24.2,7.7,99.67,6.34,119.8,7651.56,7345.75,305.81
341.0,65.0,24.25,7.7,99.65,6.34,119.77,7649.18,7340.62,308.55
342.0,65.0,24.3,7.69,99.63,6.34,119.75,7646.88,7336.87,310.01
343.0,65.0,24.35,7.69,99.62,6.34,119.73,7644.66,7334.27,310.4
344.0,65.0,24.39,7.69,99.62,6.34,119.71,7642.55,7332.45,310.09
345.0,65.0,24.44,7.69,99.61,6.34,119.7,7640.53,7331.07,309.46
346.0,65.0,24.48,7.69,99.61,6.35,119.69,7638.61,7330.28,308.33
347.0,65.0,24.51,7.69,99.61,6.35,119.69,7636.78,7329.73,307.05
348.0,65.0,24.55,7.69,99.62,6.36,119.69,7635.06,7329.22,305.84
349.0,65.0,24.58,7.69,99.62,6.36,119.69,7633.43,7328.41,305.02
350.0,65.0,24.61,7.69,99.63,6.37,119.69,7631.89,7327.67,304.23
351.0,65.0,24.64,7.69,99.63,6.37,119.7,7630.45,7326.64,303.82
352.0,65.0,24.67,7.68,99.64,6.38,119.71,7629.1,7325.49,303.61
353.0,65.0,24.69,7.68,99.64,6.38,119.72,7627.82,7323.86,303.96
354.0,65.0,24.72,7.68,99.64,6.38,119.73,7626.64,7322.12,304.51
355.0,65.0,24.74,7.68,99.64,6.38,119.74,7625.52,7320.27,305.25
356.0,65.0,24.76,7.68,99.63,6.38,119.74,7624.49,7318.3,306.19
357.0,65.0,24.78,7.68,99.63,6.38,119.75,7623.52,7316.75,306.77
358.0,65.0,24.79,7.67,99.63,6.38,119.75,7622.62,7315.07,307.55
359.0,65.0,24.81,7.67,99.62,6.38,119.76,7621.78,7313.44,308.34
360.0,65.0,24.83,7.67,99.62,6.38,119.76,7621.0,7312.01,308.99
361.0,65.0,24.84,7.67,99.62,6.38,119.76,7620.28,7310.63,309.65
362.0,65.0,24.85,7.67,99.61,6.38,119.76,7619.61,7309.28,310.33
363.0,65.0,24.86,7.67,99.61,6.38,119.76,7618.99,7308.33,310.66
364.0,65.0,24.88,7.67,99.61,6.38,119.76,7618.41,7307.39,311.02
365.0,65.0,24.89,7.67,99.61,6.38,119.75,7617.88,7306.48,311.39
366.0,65.0,24.89,7.67,99.61,6.38,119.75,7617.39,7305.8,311.59
367.0,65.0,24.9,7.67,99.6,6.38,119.75,7616.93,7305.14,311.79
368.0,65.0,24.91,7.67,99.6,6.38,119.75,7616.51,7304.85,311.66
369.0,65.0,24.92,7.67,99.6,6.38,119.75,7616.12,7304.58,311.54
370.0,65.0,24.93,7.67,99.61,6.38,119.75,7615.76,7304.32,311.44
371.0,65.0,24.93,7.67,99.61,6.38,119.75,7615.43,7303.72,311.72
372.0,65.0,24.94,7.67,99.61,6.38,119.75,7615.13,7303.14,311.99
373.0,65.0,24.94,7.67,99.61,6.38,119.75,7614.85,7302.58,312.27
374.0,65.0,25.45,7.66,99.65,6.38,119.75,7594.28,7283.19,311.08
375.0,65.0,25.85,7.66,99.71,6.38,119.76,7577.2,7265.51,311.7
376.0,65.0,26.17,7.66,99.79,6.38,119.78,7563.23,7248.35,314.88
377.0,65.0,26.42,7.65,99.86,6.38,119.81,7551.99,7230.58,321.41
378.0,65.0,26.61,7.63,99.91,6.37,119.83,7543.15,7212.16,330.99
379.0,65.0,26.74,7.62,99.94,6.37,119.85,7536.39,7193.77,342.62
380.0,65.0,26.83,7.6,99.94,6.36,119.86,7531.44,7175.89,355.55
381.0,65.0,26.89,7.58,99.93,6.35,119.87,7528.03,7159.54,368.5
382.0,65.0,26.91,7.57,99.89,6.34,119.86,7525.95,7144.8,381.15
383.0,65.0,26.92,7.55,99.83,6.33,119.84,7524.98,7132.9,392.08
384.0,65.0,26.9,7.54,99.77,6.32,119.82,7524.95,7124.49,400.46
385.0,65.0,26.87,7.53,99.69,6.32,119.78,7525.7,7119.35,406.36
386.0,65.0,26.82,7.53,99.62,6.32,119.74,7527.09,7118.36,408.73
387.0,65.0,27.14,7.53,99.59,6.32,119.71,7513.88,7107.19,406.68
388.0,65.0,27.38,7.53,99.59,6.32,119.68,7503.66,7100.12,403.54
389.0,65.0,27.54,7.53,99.6,6.32,119.66,7496.06,7095.76,400.29
390.0,65.0,27.79,7.53,99.63,6.33,119.65,7485.22,7088.31,396.91
391.0,65.0,27.96,7.53,99.66,6.34,119.65,7477.26,7082.46,394.8
392.0,65.0,28.07,7.52,99.7,6.35,119.66,7471.8,7077.74,394.06
393.0,65.0,28.13,7.52,99.73,6.36,119.68,7468.46,7073.35,395.11
394.0,65.0,28.14,7.51,99.74,6.36,119.7,7466.94,7069.21,397.73
395.0,65.0,28.12,7.51,99.74,6.36,119.71,7466.94,7065.8,401.14
396.0,65.0,28.08,7.5,99.73,6.37,119.73,7468.21,7063.45,404.77
397.0,65.0,28.01,7.49,99.7,6.37,119.74,7470.53,7062.08,408.45
398.0,65.0,27.92,7.49,99.65,6.37,119.74,7473.7,7062.4,411.3
399.0,65.0,27.82,7.49,99.61,6.37,119.73,7477.54,7065.11,412.43
400.0,65.0,27.72,7.48,99.56,6.37,119.73,7481.91,7069.86,412.05
401.0,65.0,27.6,7.49,99.51,6.37,119.71,7486.68,7076.66,410.02
402.0,65.0,27.48,7.49,99.47,6.38,119.7,7491.73,7085.74,405.99
403.0,65.0,27.36,7.5,99.43,6.38,119.69,7496.98,7096.45,400.52
404.0,65.0,27.24,7.51,99.41,6.39,119.68,7502.33,7108.69,393.64
405.0,65.0,27.12,7.52,99.39,6.39,119.67,7507.73,7121.68,386.05
406.0,65.0,27.0,7.53,99.38,6.4,119.66,7513.11,7135.37,377.74
407.0,65.0,26.88,7.54,99.38,6.41,119.66,7518.43,7149.38,369.05
408.0,65.0,26.77,7.55,99.39,6.41,119.66,7523.66,7163.15,360.51
409.0,65.0,26.66,7.56,99.4,6.42,119.67,7528.75,7176.31,352.45
410.0,65.0,26.55,7.57,99.42,6.43,119.68,7533.7,7188.67,345.03
411.0,65.0,26.45,7.58,99.44,6.43,119.7,7538.47,7199.9,338.57
412.0,65.0,26.36,7.59,99.46,6.44,119.72,7543.06,7209.81,333.25
413.0,65.0,26.27,7.59,99.48,6.44,119.74,7547.46,7218.43,329.03
414.0,65.0,26.18,7.6,99.5,6.44,119.76,7551.66,7225.78,325.88
415.0,65.0,26.1,7.6,99.52,6.44,119.78,7555.65,7231.86,323.79
416.0,65.0,26.02,7.61,99.53,6.44,119.79,7559.45,7236.71,322.74
417.0,65.0,25.95,7.61,99.55,6.43,119.8,7563.04,7240.89,322.15
418.0,65.0,25.88,7.61,99.55,6.43,119.81,7566.43,7244.04,322.39
419.0,65.0,25.81,7.62,99.56,6.42,119.82,7569.63,7246.9,322.74
420.0,65.0,25.75,7.62,99.56,6.42,119.82,7572.64,7249.09,323.55
421.0,65.0,25.7,7.62,99.56,6.41,119.82,7575.47,7251.18,324.29
422.0,65.0,25.65,7.62,99.56,6.41,119.81,7578.12,7253.17,324.96
423.0,65.0,25.6,7.62,99.56,6.4,119.81,7580.61,7255.24,325.37
424.0,65.0,25.55,7.63,99.55,6.4,119.8,7582.93,7257.2,325.73
425.0,65.0,25.51,7.63,99.55,6.39,119.79,7585.1,7259.61,325.49
426.0,65.0,25.47,7.63,99.55,6.39,119.78,7587.12,7262.09,325.03
427.0,65.0,25.43,7.63,99.55,6.39,119.77,7589.0,7264.65,324.35
428.0,65.0,25.4,7.64,99.55,6.39,119.76,7590.75,7267.3,323.45
429.0,65.0,25.37,7.64,99.55,6.39,119.76,7592.38,7270.04,322.34
430.0,65.0,25.34,7.64,99.56,6.38,119.75,7593.9,7272.68,321.22
431.0,65.0,25.31,7.64,99.56,6.38,119.75,7595.3,7275.07,320.24
432.0,65.0,25.28,7.65,99.57,6.38,119.74,7596.6,7277.37,319.23
433.0,65.0,25.26,7.65,99.57,6.39,119.74,7597.81,7279.44,318.37
434.0,65.0,25.24,7.65,99.57,6.39,119.74,7598.93,7281.45,317.48
435.0,65.0,25.22,7.65,99.58,6.39,119.74,7599.96,7283.39,316.56
436.0,65.0,25.2,7.65,99.58,6.39,119.74,7600.91,7284.93,315.98
437.0,65.0,25.19,7.65,99.58,6.39,119.75,7601.79,7286.42,315.38
438.0,65.0,25.17,7.65,99.59,6.39,119.75,7602.61,7287.66,314.94
439.0,65.0,25.16,7.65,99.59,6.39,119.75,7603.36,7288.51,314.85
440.0,65.0,25.14,7.65,99.59,6.39,119.75,7604.05,7289.33,314.72
441.0,65.0,25.13,7.65,99.59,6.39,119.75,7604.69,7290.11,314.57
442.0,65.0,25.12,7.65,99.59,6.39,119.75,7605.27,7290.87,314.4
443.0,65.0,25.11,7.66,99.59,6.39,119.76,7605.81,7291.6,314.21
444.0,65.0,25.1,7.66,99.59,6.39,119.76,7606.31,7292.1,314.21
445.0,65.0,25.09,7.66,99.59,6.39,119.76,7606.77,7292.57,314.2
446.0,65.0,25.08,7.66,99.59,6.39,119.76,7607.19,7293.02,314.17
447.0,65.0,25.08,7.66,99.59,6.39,119.75,7607.57,7293.44,314.14
448.0,65.0,25.07,7.66,99.59,6.39,119.75,7607.93,7294.03,313.9
449.0,65.0,25.06,7.66,99.59,6.39,119.75,7608.25,7294.61,313.65
450.0,65.0,25.06,7.66,99.6,6.39,119.75,7608.55,7295.16,313.4
451.0,65.0,25.05,7.66,99.6,6.39,119.75,7608.83,7295.33,313.49
452.0,65.0,25.05,7.66,99.6,6.39,119.75,7609.08,7295.5,313.58
453.0,65.0,25.04,7.66,99.6,6.39,119.75,7609.31,7295.66,313.65
454.0,65.0,25.04,7.66,99.59,6.39,119.75,7609.52,7295.82,313.71
455.0,65.0,25.04,7.66,99.59,6.39,119.75,7609.71,7296.32,313.4
456.0,65.0,25.03,7.66,99.6,6.39,119.75,7609.89,7296.8,313.09
457.0,65.0,25.03,7.66,99.6,6.39,119.75,7610.05,7296.9,313.15
458.0,65.0,25.53,7.66,99.64,6.39,119.76,7589.94,7278.21,311.73
459.0,65.0,25.93,7.66,99.71,6.38,119.77,7573.28,7260.98,312.3
460.0,65.0,26.24,7.65,99.78,6.38,119.79,7559.68,7243.88,315.8
461.0,65.0,26.48,7.64,99.85,6.38,119.81,7548.79,7226.52,322.27
462.0,65.0,26.66,7.63,99.9,6.38,119.84,7540.26,7208.67,331.58
463.0,65.0,26.79,7.62,99.93,6.37,119.85,7533.78,7190.63,343.15
464.0,65.0,26.87,7.6,99.94,6.36,119.87,7529.08,7173.28,355.8
465.0,65.0,26.93,7.58,99.92,6.35,119.87,7525.9,7156.86,369.04
466.0,65.0,26.95,7.57,99.88,6.34,119.86,7524.02,7142.62,381.41
467.0,65.0,26.95,7.55,99.83,6.33,119.85,7523.25,7131.19,392.06
468.0,65.0,26.93,7.54,99.76,6.32,119.82,7523.39,7122.68,400.71
469.0,65.0,26.89,7.53,99.69,6.32,119.78,7524.29,7117.97,406.32
470.0,65.0,26.84,7.53,99.62,6.32,119.75,7525.82,7117.06,408.76
471.0,65.0,26.79,7.53,99.56,6.32,119.71,7527.85,7119.56,408.29
472.0,65.0,26.72,7.53,99.5,6.32,119.67,7530.29,7125.16,405.12
473.0,65.0,26.65,7.53,99.46,6.33,119.63,7533.02,7133.74,399.28
474.0,65.0,26.58,7.54,99.42,6.34,119.6,7535.99,7144.49,391.5
475.0,65.0,26.51,7.55,99.4,6.35,119.59,7539.12,7157.15,381.97
476.0,65.0,26.43,7.56,99.4,6.36,119.57,7542.36,7170.54,371.81
477.0,65.0,26.35,7.57,99.4,6.37,119.57,7545.65,7184.15,361.5
478.0,65.0,26.28,7.58,99.41,6.39,119.58,7548.96,7197.56,351.4
479.0,65.0,26.21,7.59,99.43,6.4,119.6,7552.25,7210.24,342.01
480.0,65.0,26.14,7.6,99.46,6.41,119.62,7555.5,7221.63,333.87
481.0,65.0,26.07,7.61,99.48,6.42,119.65,7558.69,7231.42,327.27
482.0,65.0,26.0,7.61,99.51,6.43,119.68,7561.79,7239.78,322.01
483.0,65.0,25.94,7.62,99.53,6.44,119.71,7564.8,7246.38,318.42
484.0,65.0,25.87,7.62,99.55,6.44,119.74,7567.69,7251.61,316.09
485.0,65.0,25.82,7.62,99.56,6.44,119.77,7570.48,7255.47,315.01
486.0,65.0,25.76,7.62,99.57,6.44,119.79,7573.14,7258.33,314.81
487.0,65.0,25.71,7.63,99.58,6.44,119.81,7575.68,7260.38,315.29
488.0,65.0,25.66,7.63,99.58,6.43,119.83,7578.09,7261.64,316.45
489.0,65.0,25.61,7.63,99.58,6.43,119.83,7580.38,7262.45,317.94
490.0,65.0,25.57,7.63,99.58,6.42,119.84,7582.55,7263.2,319.35
491.0,65.0,26.01,7.63,99.62,6.41,119.84,7564.94,7245.52,319.42
492.0,65.0,26.36,7.63,99.68,6.41,119.85,7550.58,7229.32,321.26
493.0,65.0,26.63,7.62,99.75,6.4,119.86,7539.09,7213.46,325.62
494.0,65.0,26.83,7.62,99.81,6.39,119.87,7530.11,7197.37,332.75
495.0,65.0,26.98,7.61,99.85,6.38,119.88,7523.33,7181.18,342.15
496.0,65.0,27.07,7.59,99.88,6.37,119.88,7518.45,7165.39,353.06
497.0,65.0,27.13,7.58,99.89,6.36,119.88,7515.2,7150.33,364.87
498.0,65.0,27.16,7.57,99.87,6.35,119.88,7513.34,7136.46,376.88
499.0,65.0,27.16,7.55,99.84,6.34,119.86,7512.67,7124.63,388.03
500.0,65.0,27.13,7.54,99.79,6.33,119.84,7512.98,7115.34,397.63
501.0,65.0,27.1,7.53,99.73,6.32,119.81,7514.11,7109.08,405.02
502.0,65.0,27.04,7.52,99.66,6.32,119.77,7515.91,7106.19,409.72
503.0,65.0,26.98,7.52,99.6,6.32,119.73,7518.25,7107.02,411.23
504.0,65.0,26.91,7.52,99.54,6.32,119.69,7521.01,7111.05,409.97
505.0,65.0,26.83,7.52,99.48,6.32,119.65,7524.11,7118.13,405.98
506.0,65.0,26.75,7.53,99.44,6.33,119.62,7527.45,7128.16,399.29
507.0,65.0,26.67,7.54,99.41,6.34,119.6,7530.96,7140.11,390.85
508.0,65.0,26.1,7.55,99.36,6.35,119.58,7554.19,7171.31,382.88
509.0,65.0,25.63,7.56,99.29,6.37,119.56,7574.12,7201.62,372.5
510.0,65.0,25.25,7.57,99.22,6.38,119.54,7591.09,7231.98,359.11
511.0,65.0,24.93,7.59,99.16,6.4,119.53,7605.41,7262.59,342.82
512.0,65.0,24.67,7.62,99.13,6.42,119.52,7617.39,7293.11,324.28
513.0,65.0,24.47,7.64,99.13,6.43,119.53,7627.3,7322.67,304.63
514.0,65.0,24.31,7.66,99.15,6.45,119.55,7635.38,7350.0,285.38
515.0,65.0,24.19,7.69,99.19,6.47,119.57,7641.87,7374.44,267.43
516.0,65.0,24.1,7.71,99.25,6.48,119.61,7646.98,7395.52,251.46
517.0,65.0,24.03,7.72,99.33,6.49,119.66,7650.89,7412.36,238.53
518.0,65.0,23.99,7.74,99.41,6.5,119.71,7653.77,7424.29,229.48
519.0,65.0,23.97,7.75,99.49,6.5,119.77,7655.77,7431.56,224.21
520.0,65.0,23.96,7.75,99.56,6.5,119.82,7657.02,7434.18,222.84
521.0,65.0,23.96,7.75,99.63,6.5,119.87,7657.65,7432.91,224.73
522.0,65.0,23.97,7.75,99.68,6.49,119.92,7657.74,7427.9,229.85
523.0,65.0,23.99,7.75,99.72,6.47,119.95,7657.4,7419.98,237.42
524.0,65.0,24.02,7.74,99.75,6.46,119.98,7656.7,7410.02,246.68
525.0,65.0,24.05,7.73,99.76,6.44,119.99,7655.72,7398.43,257.29
526.0,65.0,24.08,7.73,99.76,6.42,119.99,7654.51,7386.36,268.14
527.0,65.0,24.12,7.72,99.75,6.4,119.97,7653.12,7374.4,278.72
528.0,65.0,24.16,7.71,99.73,6.38,119.95,7651.59,7363.28,288.31
529.0,65.0,24.2,7.7,99.71,6.37,119.93,7649.98,7353.36,296.61
530.0,65.0,24.24,7.7,99.69,6.35,119.89,7648.3,7344.61,303.68
531.0,65.0,24.28,7.69,99.67,6.34,119.85,7646.58,7337.42,309.16
532.0,65.0,24.32,7.69,99.64,6.33,119.82,7644.85,7331.76,313.09
533.0,65.0,24.36,7.69,99.63,6.33,119.78,7643.12,7327.78,315.34
534.0,65.0,24.4,7.69,99.61,6.32,119.74,7641.42,7324.95,316.47
535.0,65.0,24.44,7.69,99.6,6.33,119.72,7639.74,7323.62,316.12
536.0,65.0,24.47,7.69,99.6,6.33,119.69,7638.11,7323.03,315.08
537.0,65.0,24.51,7.69,99.6,6.33,119.67,7636.53,7323.03,313.5
538.0,65.0,24.54,7.69,99.6,6.34,119.66,7635.0,7323.43,311.57
539.0,65.0,24.57,7.69,99.6,6.35,119.66,7633.54,7324.04,309.5
540.0,65.0,24.6,7.69,99.61,6.35,119.66,7632.13,7324.68,307.46
541.0,65.0,24.63,7.69,99.62,6.36,119.67,7630.79,7324.98,305.81
542.0,65.0,24.65,7.69,99.62,6.37,119.67,7629.52,7324.78,304.74
543.0,65.0,24.68,7.68,99.63,6.37,119.68,7628.31,7324.64,303.67
544.0,65.0,24.7,7.68,99.63,6.38,119.7,7627.17,7324.01,303.16
545.0,65.0,24.72,7.68,99.64,6.38,119.71,7626.09,7323.05,303.04
546.0,65.0,24.74,7.68,99.64,6.39,119.72,7625.07,7321.61,303.46
547.0,65.0,24.76,7.68,99.64,6.39,119.74,7624.12,7320.05,304.07
548.0,65.0,24.78,7.68,99.63,6.39,119.75,7623.22,7318.16,305.06
549.0,65.0,24.8,7.67,99.63,6.39,119.75,7622.38,7316.49,305.89
550.0,65.0,24.81,7.67,99.63,6.39,119.76,7621.59,7314.88,306.71
551.0,65.0,24.83,7.67,99.62,6.39,119.76,7620.86,7313.12,307.74
552.0,65.0,24.84,7.67,99.62,6.39,119.77,7620.17,7311.76,308.41
553.0,65.0,24.85,7.67,99.62,6.39,119.77,7619.53,7310.24,309.29
554.0,65.0,24.86,7.67,99.61,6.38,119.77,7618.93,7308.74,310.19
555.0,65.0,24.87,7.67,99.61,6.38,119.76,7618.38,7307.64,310.74
556.0,65.0,24.88,7.67,99.61,6.38,119.76,7617.86,7306.75,311.11
557.0,65.0,24.89,7.67,99.6,6.38,119.76,7617.39,7305.89,311.5
558.0,65.0,24.9,7.67,99.6,6.38,119.76,7616.94,7305.4,311.54
559.0,65.0,24.91,7.67,99.6,6.38,119.75,7616.53,7304.92,311.62
560.0,65.0,24.92,7.67,99.6,6.38,119.75,7616.15,7304.64,311.51
561.0,65.0,24.92,7.67,99.6,6.38,119.75,7615.8,7304.38,311.42
562.0,65.0,24.93,7.67,99.61,6.38,119.75,7615.47,7304.13,311.34
563.0,65.0,24.94,7.67,99.61,6.38,119.75,7615.17,7303.54,311.63
564.0,65.0,24.94,7.67,99.61,6.38,119.75,7614.9,7302.97,311.92
565.0,65.0,24.95,7.67,99.61,6.38,119.75,7614.64,7302.43,312.21
566.0,65.0,24.95,7.66,99.61,6.38,119.75,7614.4,7301.91,312.5
567.0,65.0,24.96,7.66,99.61,6.38,119.75,7614.19,7301.4,312.78
568.0,65.0,24.96,7.66,99.6,6.38,119.75,7613.98,7300.92,313.07
569.0,65.0,24.96,7.66,99.6,6.38,119.74,7613.8,7300.81,312.99
570.0,65.0,24.97,7.66,99.6,6.38,119.74,7613.63,7300.9,312.73
571.0,65.0,24.97,7.66,99.6,6.38,119.74,7613.47,7301.0,312.48
572.0,65.0,24.97,7.66,99.6,6.38,119.75,7613.33,7301.1,312.23
573.0,65.0,24.97,7.66,99.6,6.38,119.75,7613.2,7301.0,312.2
574.0,65.0,24.98,7.66,99.6,6.38,119.75,7613.08,7300.91,312.17
575.0,65.0,24.98,7.66,99.6,6.38,119.75,7612.97,7300.82,312.14
576.0,65.0,24.98,7.66,99.61,6.38,119.75,7612.86,7300.74,312.12
577.0,65.0,24.98,7.66,99.61,6.38,119.75,7612.77,7300.31,312.46
578.0,65.0,24.98,7.66,99.6,6.38,119.75,7612.68,7299.89,312.79
579.0,65.0,24.98,7.66,99.6,6.38,119.75,7612.6,7299.85,312.75
580.0,65.0,24.99,7.66,99.6,6.38,119.75,7612.53,7299.81,312.72
581.0,65.0,24.99,7.66,99.6,6.38,119.75,7612.47,7299.77,312.7
582.0,65.0,24.99,7.66,99.6,6.38,119.75,7612.41,7299.73,312.68
583.0,65.0,24.99,7.66,99.6,6.38,119.75,7612.35,7299.69,312.66
584.0,65.0,24.99,7.66,99.6,6.38,119.75,7612.3,7299.65,312.65
585.0,65.0,24.99,7.66,99.6,6.38,119.75,7612.25,7299.62,312.63
586.0,65.0,24.99,7.66,99.6,6.38,119.75,7612.21,7299.59,312.62
587.0,65.0,24.99,7.66,99.6,6.38,119.75,7612.17,7299.56,312.61
588.0,65.0,24.99,7.66,99.6,6.38,119.75,7612.14,7299.53,312.61
589.0,65.0,24.99,7.66,99.6,6.38,119.75,7612.1,7299.5,312.6
590.0,65.0,24.99,7.66,99.6,6.38,119.75,7612.07,7299.48,312.6
591.0,65.0,24.99,7.66,99.61,6.38,119.75,7612.05,7299.45,312.59
592.0,65.0,25.0,7.66,99.6,6.38,119.75,7612.02,7299.08,312.95
593.0,65.0,25.0,7.66,99.6,6.38,119.75,7612.0,7299.07,312.93
594.0,65.0,25.0,7.66,99.6,6.38,119.75,7611.98,7299.06,312.92
595.0,65.0,25.0,7.66,99.6,6.38,119.75,7611.96,7299.05,312.91
596.0,65.0,25.0,7.66,99.6,6.38,119.75,7611.94,7299.04,312.9
597.0,65.0,25.0,7.66,99.6,6.38,119.75,7611.93,7299.04,312.89
598.0,65.0,25.0,7.66,99.6,6.38,119.75,7611.91,7299.03,312.88
599.0,65.0,25.0,7.66,99.6,6.38,119.75,7611.9,7299.02,312.88
600.0,65.0,25.0,7.66,99.6,6.38,119.75,7611.89,7299.01,312.87
601.0,65.0,25.0,7.66,99.6,6.38,119.75,7611.87,7299.01,312.87
602.0,65.0,25.0,7.66,99.6,6.38,119.75,7611.86,7299.0,312.87
603.0,65.0,25.0,7.66,99.6,6.38,119.75,7611.86,7298.99,312.86
604.0,65.0,25.0,7.66,99.6,6.38,119.75,7611.85,7298.99,312.86
605.0,65.0,25.0,7.66,99.6,6.38,119.75,7611.84,7298.98,312.86
606.0,65.0,25.5,7.66,99.65,6.38,119.75,7591.55,7280.16,311.39
607.0,65.0,25.9,7.66,99.71,6.38,119.77,7574.74,7262.66,312.08
608.0,65.0,26.21,7.65,99.79,6.38,119.79,7561.0,7245.47,315.53
609.0,65.0,26.46,7.64,99.85,6.38,119.81,7549.98,7227.66,322.31
610.0,65.0,26.64,7.63,99.91,6.37,119.83,7541.33,7209.75,331.58
611.0,65.0,26.77,7.62,99.94,6.37,119.85,7534.75,7191.48,343.26
612.0,65.0,26.86,7.6,99.94,6.36,119.86,7529.95,7173.72,356.23
613.0,65.0,26.91,7.58,99.92,6.35,119.87,7526.69,7157.48,369.21
614.0,65.0,26.94,7.57,99.88,6.34,119.86,7524.74,7143.19,381.54
615.0,65.0,26.94,7.55,99.83,6.33,119.84,7523.89,7131.73,392.16
616.0,65.0,26.92,7.54,99.76,6.32,119.82,7523.97,7123.38,400.58
617.0,65.0,26.88,7.53,99.69,6.32,119.78,7524.81,7118.65,406.17
618.0,65.0,26.84,7.53,99.62,6.32,119.75,7526.29,7117.71,408.58
619.0,65.0,26.78,7.53,99.56,6.32,119.71,7528.28,7120.18,408.1
620.0,65.0,26.72,7.53,99.5,6.32,119.67,7530.67,7125.75,404.92
621.0,65.0,26.65,7.53,99.46,6.33,119.63,7533.37,7134.3,399.06
622.0,65.0,26.57,7.54,99.42,6.34,119.6,7536.3,7145.03,391.27
623.0,65.0,26.5,7.55,99.4,6.35,119.59,7539.4,7157.66,381.74
624.0,65.0,26.43,7.56,99.4,6.36,119.58,7542.61,7171.04,371.57
625.0,65.0,26.35,7.57,99.4,6.37,119.57,7545.88,7184.42,361.45
626.0,65.0,26.28,7.58,99.41,6.39,119.58,7549.16,7197.82,351.34
627.0,65.0,26.2,7.59,99.43,6.4,119.6,7552.44,7210.48,341.96
628.0,65.0,26.13,7.6,99.46,6.41,119.62,7555.67,7221.86,333.81
629.0,65.0,26.06,7.61,99.48,6.42,119.65,7558.84,7231.63,327.21
630.0,65.0,26.0,7.61,99.51,6.43,119.68,7561.93,7239.98,321.95
631.0,65.0,25.93,7.62,99.53,6.44,119.71,7564.92,7246.57,318.35
632.0,65.0,25.87,7.62,99.55,6.44,119.74,7567.8,7251.78,316.02
633.0,65.0,25.81,7.62,99.56,6.44,119.77,7570.58,7255.64,314.94
634.0,65.0,25.76,7.62,99.58,6.44,119.79,7573.23,7258.49,314.74
635.0,65.0,25.71,7.63,99.58,6.44,119.81,7575.76,7260.18,315.58
636.0,65.0,25.66,7.63,99.58,6.43,119.83,7578.17,7261.44,316.72
637.0,65.0,25.61,7.63,99.58,6.43,119.83,7580.45,7262.26,318.19
638.0,65.0,25.57,7.63,99.58,6.42,119.84,7582.61,7263.01,319.6
639.0,65.0,25.53,7.63,99.58,6.41,119.83,7584.65,7263.5,321.15
640.0,65.0,25.49,7.63,99.57,6.41,119.83,7586.57,7264.11,322.46
641.0,65.0,25.45,7.63,99.57,6.4,119.82,7588.38,7265.0,323.37
642.0,65.0,25.42,7.63,99.56,6.39,119.81,7590.07,7266.01,324.07
643.0,65.0,25.39,7.64,99.56,6.39,119.8,7591.67,7267.48,324.18
644.0,65.0,25.36,7.64,99.56,6.38,119.78,7593.15,7269.05,324.1
645.0,65.0,25.33,7.64,99.56,6.38,119.77,7594.55,7270.93,323.61
646.0,65.0,25.3,7.64,99.56,6.38,119.76,7595.84,7272.93,322.92
647.0,65.0,25.28,7.64,99.56,6.38,119.75,7597.05,7275.03,322.02
648.0,65.0,25.26,7.65,99.56,6.38,119.75,7598.18,7277.26,320.93
649.0,65.0,25.24,7.65,99.56,6.38,119.74,7599.23,7279.41,319.83
650.0,65.0,25.22,7.65,99.57,6.38,119.74,7600.21,7281.68,318.52
651.0,65.0,25.2,7.65,99.57,6.38,119.73,7601.11,7283.54,317.57
652.0,65.0,25.18,7.65,99.58,6.38,119.73,7601.95,7285.54,316.41
653.0,65.0,25.17,7.65,99.58,6.38,119.74,7602.73,7287.14,315.59
654.0,65.0,25.16,7.65,99.59,6.39,119.74,7603.45,7288.5,314.95
655.0,65.0,25.64,7.65,99.63,6.39,119.75,7583.95,7270.78,313.17
656.0,65.0,26.03,7.65,99.7,6.39,119.76,7567.85,7254.48,313.37
657.0,65.0,26.33,7.65,99.78,6.39,119.78,7554.77,7238.29,316.48
658.0,65.0,26.56,7.64,99.85,6.38,119.81,7544.34,7221.45,322.89
659.0,65.0,26.73,7.63,99.9,6.38,119.83,7536.24,7203.9,332.33
660.0,65.0,26.85,7.61,99.93,6.37,119.85,7530.14,7186.34,343.8
661.0,65.0,26.93,7.6,99.94,6.36,119.87,7525.79,7169.25,356.54
662.0,65.0,26.98,7.58,99.92,6.35,119.87,7522.93,7153.08,369.85
663.0,65.0,27.0,7.56,99.88,6.34,119.87,7521.34,7139.06,382.28
664.0,65.0,26.99,7.55,99.82,6.34,119.85,7520.82,7127.63,393.19
665.0,65.0,26.97,7.54,99.75,6.33,119.82,7521.2,7119.67,401.53
666.0,65.0,26.93,7.53,99.68,6.32,119.79,7522.32,7115.48,406.84
667.0,65.0,26.88,7.53,99.61,6.32,119.75,7524.04,7114.86,409.18
668.0,65.0,26.81,7.53,99.55,6.32,119.71,7526.25,7117.83,408.42
669.0,65.0,26.75,7.53,99.49,6.32,119.67,7528.84,7123.87,404.96
670.0,65.0,26.68,7.53,99.45,6.33,119.64,7531.72,7132.88,398.83
671.0,65.0,26.6,7.54,99.42,6.34,119.61,7534.81,7143.85,390.96
672.0,65.0,26.52,7.55,99.4,6.35,119.59,7538.06,7156.35,381.71
673.0,65.0,26.45,7.56,99.4,6.36,119.58,7541.4,7169.79,371.61
674.0,65.0,26.8,7.57,99.44,6.37,119.58,7527.25,7167.15,360.09
675.0,65.0,27.07,7.58,99.51,6.39,119.6,7516.1,7165.5,350.6
676.0,65.0,27.27,7.58,99.59,6.4,119.63,7507.6,7163.19,344.41
677.0,65.0,27.41,7.58,99.68,6.41,119.68,7501.39,7159.51,341.88
678.0,65.0,27.49,7.58,99.75,6.42,119.72,7497.16,7153.55,343.61
679.0,65.0,27.54,7.57,99.8,6.42,119.77,7494.63,7146.08,348.55
680.0,65.0,27.79,7.56,99.85,6.42,119.81,7484.04,7128.72,355.32
681.0,65.0,27.96,7.55,99.88,6.41,119.85,7476.29,7111.66,364.63
682.0,65.0,28.07,7.53,99.9,6.4,119.88,7470.99,7095.26,375.73
683.0,65.0,28.12,7.52,99.89,6.39,119.9,7467.8,7079.78,388.02
684.0,65.0,28.14,7.51,99.87,6.38,119.91,7466.39,7066.15,400.25
685.0,65.0,28.12,7.49,99.82,6.37,119.9,7466.49,7054.6,411.89
686.0,65.0,28.08,7.48,99.76,6.36,119.88,7467.84,7046.31,421.53
687.0,65.0,28.01,7.47,99.69,6.35,119.85,7470.23,7041.54,428.69
688.0,65.0,27.92,7.47,99.62,6.34,119.81,7473.45,7040.58,432.87
689.0,65.0,27.82,7.47,99.55,6.33,119.77,7477.34,7043.39,433.95
690.0,65.0,27.71,7.47,99.49,6.33,119.73,7481.74,7049.79,431.96
691.0,65.0,27.6,7.48,99.43,6.33,119.68,7486.54,7059.25,427.3
692.0,65.0,27.48,7.48,99.39,6.34,119.64,7491.62,7071.83,419.78
693.0,65.0,27.36,7.49,99.36,6.35,119.61,7496.88,7086.54,410.34
694.0,65.0,27.24,7.51,99.35,6.36,119.59,7502.25,7102.74,399.52
695.0,65.0,27.12,7.52,99.34,6.37,119.58,7507.67,7119.47,388.2
696.0,65.0,27.0,7.53,99.35,6.38,119.58,7513.06,7136.51,376.55
697.0,65.0,26.88,7.54,99.37,6.4,119.59,7518.39,7152.94,365.45
698.0,65.0,26.77,7.56,99.39,6.41,119.6,7523.62,7168.22,355.4
699.0,65.0,26.66,7.57,99.41,6.42,119.62,7528.73,7182.37,346.35
700.0,65.0,26.55,7.58,99.44,6.43,119.65,7533.68,7195.21,338.47
701.0,65.0,26.45,7.58,99.47,6.44,119.68,7538.46,7206.2,332.26
702.0,65.0,26.36,7.59,99.49,6.45,119.71,7543.05,7215.36,327.69
703.0,65.0,26.27,7.6,99.51,6.45,119.74,7547.45,7223.09,324.37
704.0,65.0,26.18,7.6,99.53,6.45,119.77,7551.65,7229.37,322.28
705.0,65.0,26.1,7.6,99.54,6.45,119.8,7555.65,7234.24,321.41
706.0,65.0,26.02,7.61,99.55,6.45,119.82,7559.44,7238.05,321.39
707.0,65.0,25.95,7.61,99.56,6.44,119.83,7563.04,7241.0,322.03
708.0,65.0,25.88,7.61,99.56,6.43,119.84,7566.43,7243.3,323.13
709.0,65.0,25.81,7.61,99.56,6.43,119.84,7569.63,7245.29,324.34
710.0,65.0,25.75,7.62,99.55,6.42,119.84,7572.64,7247.17,325.47
711.0,65.0,25.7,7.62,99.55,6.41,119.83,7575.47,7249.29,326.18
712.0,65.0,25.65,7.62,99.55,6.41,119.82,7578.12,7251.47,326.65
713.0,65.0,25.6,7.62,99.55,6.4,119.81,7580.61,7253.73,326.87
714.0,65.0,25.55,7.63,99.54,6.4,119.8,7582.93,7256.06,326.87
715.0,65.0,25.51,7.63,99.54,6.39,119.79,7585.1,7258.82,326.28
716.0,65.0,25.47,7.63,99.54,6.39,119.78,7587.12,7261.64,325.48
717.0,65.0,25.43,7.63,99.54,6.39,119.77,7589.0,7264.53,324.47
718.0,65.0,25.4,7.64,99.55,6.38,119.76,7590.76,7267.5,323.25
719.0,65.0,25.37,7.64,99.55,6.38,119.75,7592.38,7270.21,322.18
720.0,65.0,25.34,7.64,99.56,6.38,119.75,7593.9,7273.01,320.89
721.0,40.0,25.31,7.64,99.56,6.38,119.74,4766.34,4558.07,208.27
722.0,40.0,25.28,7.67,99.6,6.4,119.75,4767.14,4571.7,195.44
723.0,40.0,25.26,7.69,99.66,6.42,119.78,4767.88,4583.95,183.94
724.0,40.0,25.24,7.7,99.74,6.44,119.83,4768.57,4594.2,174.37
725.0,40.0,25.22,7.72,99.82,6.46,119.88,4769.21,4601.86,167.35
726.0,40.0,25.2,7.73,99.91,6.46,119.94,4769.79,4606.99,162.8
727.0,40.0,25.19,7.73,99.98,6.47,120.0,4770.33,4609.34,161.0
728.0,40.0,25.17,7.73,100.05,6.47,120.06,4770.84,4609.41,161.42
729.0,40.0,25.16,7.73,100.09,6.46,120.11,4771.3,4607.26,164.04
730.0,40.0,25.14,7.72,100.12,6.46,120.15,4771.72,4603.7,168.02
731.0,40.0,25.13,7.72,100.14,6.44,120.19,4772.11,4599.11,173.01
732.0,40.0,25.12,7.71,100.14,6.43,120.2,4772.48,4593.69,178.79
733.0,40.0,25.11,7.7,100.13,6.41,120.21,4772.81,4588.27,184.54
734.0,40.0,25.1,7.7,100.1,6.4,120.2,4773.11,4583.04,190.08
735.0,40.0,25.09,7.69,100.08,6.38,120.19,4773.4,4578.67,194.73
736.0,40.0,25.08,7.69,100.05,6.36,120.16,4773.65,4574.91,198.75
737.0,40.0,24.68,7.69,99.98,6.35,120.12,4783.91,4581.52,202.39
738.0,40.0,24.35,7.69,99.9,6.34,120.08,4792.43,4588.65,203.78
739.0,40.0,24.09,7.69,99.82,6.34,120.03,4799.41,4596.63,202.78
740.0,40.0,23.89,7.7,99.75,6.33,119.97,4805.03,4605.7,199.33
741.0,40.0,23.74,7.71,99.7,6.34,119.92,4809.47,4615.87,193.59
742.0,40.0,23.63,7.73,99.68,6.34,119.88,4812.87,4626.67,186.2
743.0,40.0,23.55,7.74,99.67,6.35,119.85,4815.38,4637.4,177.97
744.0,40.0,23.51,7.76,99.69,6.36,119.84,4817.12,4647.85,169.27
745.0,40.0,23.48,7.78,99.73,6.38,119.84,4818.2,4657.19,161.01
746.0,40.0,23.48,7.79,99.79,6.39,119.85,4818.73,4664.98,153.75
747.0,40.0,23.49,7.8,99.86,6.4,119.87,4818.79,4670.78,148.01
748.0,40.0,23.52,7.81,99.92,6.41,119.91,4818.46,4674.36,144.1
749.0,40.0,23.55,7.81,99.99,6.42,119.95,4817.81,4675.82,141.99
750.0,40.0,23.6,7.81,100.05,6.42,119.99,4816.91,4675.03,141.88
751.0,40.0,23.64,7.81,100.1,6.42,120.04,4815.79,4672.31,143.48
752.0,40.0,23.7,7.8,100.14,6.42,120.07,4814.52,4667.83,146.7
753.0,40.0,23.75,7.8,100.16,6.42,120.11,4813.13,4662.12,151.02
754.0,40.0,23.81,7.79,100.17,6.41,120.13,4811.66,4655.53,156.12
755.0,40.0,23.87,7.78,100.17,6.4,120.15,4810.12,4648.57,161.55
756.0,40.0,23.93,7.77,100.17,6.38,120.15,4808.55,4641.46,167.09
757.0,40.0,23.99,7.76,100.15,6.37,120.15,4806.97,4634.45,172.52
758.0,40.0,24.05,7.76,100.13,6.36,120.13,4805.39,4627.98,177.41
759.0,40.0,24.1,7.75,100.11,6.35,120.12,4803.82,4622.3,181.53
760.0,40.0,24.16,7.74,100.08,6.34,120.09,4802.29,4617.25,185.04
761.0,40.0,24.21,7.74,100.06,6.33,120.07,4800.79,4613.31,187.48
762.0,40.0,24.26,7.74,100.05,6.33,120.04,4799.34,4610.1,189.24
763.0,40.0,24.31,7.73,100.03,6.32,120.02,4797.94,4607.52,190.42
764.0,40.0,24.35,7.73,100.02,6.32,119.99,4796.59,4605.67,190.93
765.0,40.0,24.4,7.73,100.01,6.32,119.97,4795.3,4604.43,190.87
766.0,40.0,24.44,7.73,100.01,6.33,119.95,4794.07,4603.69,190.38
767.0,40.0,24.48,7.73,100.01,6.33,119.94,4792.9,4603.22,189.67
768.0,40.0,24.51,7.73,100.01,6.33,119.94,4791.79,4602.91,188.88
769.0,40.0,24.55,7.73,100.01,6.34,119.93,4790.73,4602.61,188.12
770.0,40.0,24.58,7.73,100.02,6.34,119.94,4789.74,4602.48,187.25
771.0,40.0,24.61,7.73,100.03,6.35,119.94,4788.8,4602.04,186.76
772.0,40.0,24.64,7.73,100.03,6.35,119.95,4787.92,4601.41,186.5
773.0,40.0,24.67,7.73,100.03,6.36,119.96,4787.09,4600.71,186.38
774.0,40.0,24.69,7.72,100.04,6.36,119.96,4786.31,4599.93,186.38
775.0,40.0,24.72,7.72,100.04,6.36,119.97,4785.58,4598.98,186.6
776.0,40.0,24.74,7.72,100.04,6.37,119.98,4784.9,4597.96,186.95
777.0,40.0,24.76,7.72,100.03,6.37,119.99,4784.27,4596.86,187.41
778.0,40.0,24.78,7.72,100.03,6.37,120.0,4783.68,4595.9,187.78
779.0,40.0,24.79,7.72,100.03,6.37,120.0,4783.12,4594.84,188.28
780.0,40.0,24.81,7.71,100.03,6.37,120.01,4782.61,4593.83,188.78
781.0,40.0,24.83,7.71,100.02,6.37,120.01,4782.13,4592.72,189.42
782.0,40.0,24.84,7.71,100.02,6.37,120.01,4781.69,4591.86,189.83
783.0,40.0,24.85,7.71,100.01,6.37,120.01,4781.28,4591.02,190.26
784.0,40.0,24.86,7.71,100.01,6.37,120.01,4780.9,4590.43,190.47
785.0,40.0,24.88,7.71,100.01,6.37,120.01,4780.55,4589.85,190.69
786.0,40.0,24.89,7.71,100.01,6.36,120.01,4780.22,4589.29,190.93
787.0,40.0,24.9,7.71,100.01,6.36,120.0,4779.92,4588.74,191.18
788.0,40.0,24.9,7.71,100.0,6.36,120.0,4779.64,4588.33,191.31
789.0,40.0,24.91,7.71,100.0,6.36,120.0,4779.38,4588.16,191.22
790.0,40.0,24.92,7.71,100.0,6.36,120.0,4779.14,4587.99,191.15
791.0,40.0,24.93,7.71,100.01,6.36,120.0,4778.92,4587.83,191.09
792.0,40.0,24.93,7.71,100.01,6.36,120.0,4778.72,4587.46,191.26
793.0,40.0,24.94,7.71,100.01,6.36,120.0,4778.54,4587.1,191.43
794.0,40.0,24.94,7.71,100.01,6.36,120.0,4778.36,4586.76,191.61
795.0,40.0,24.95,7.71,100.0,6.36,120.0,4778.21,4586.43,191.78
796.0,40.0,24.95,7.71,100.0,6.36,119.99,4778.06,4586.33,191.73
797.0,40.0,24.96,7.71,100.0,6.36,119.99,4777.93,4586.37,191.56
798.0,40.0,24.96,7.71,100.0,6.37,120.0,4777.81,4586.41,191.4
799.0,40.0,24.96,7.71,100.01,6.37,120.0,4777.69,4586.32,191.37
800.0,40.0,24.97,7.71,100.01,6.37,120.0,4777.59,4586.02,191.57
801.0,40.0,24.97,7.7,100.01,6.37,120.0,4777.49,4585.73,191.76
802.0,40.0,24.97,7.7,100.0,6.37,120.0,4777.41,4585.45,191.96
803.0,40.0,24.97,7.7,100.0,6.37,120.0,4777.33,4585.41,191.92
804.0,40.0,24.98,7.7,100.0,6.37,120.0,4777.25,4585.36,191.89
805.0,40.0,24.98,7.7,100.0,6.37,120.0,4777.19,4585.32,191.87
806.0,40.0,24.98,7.7,100.0,6.37,120.0,4777.12,4585.27,191.85
807.0,40.0,24.98,7.7,100.0,6.37,120.0,4777.07,4585.23,191.83
808.0,40.0,24.98,7.7,100.0,6.37,120.0,4777.02,4585.2,191.82
809.0,40.0,24.99,7.7,100.0,6.37,120.0,4776.97,4585.16,191.81
810.0,40.0,24.99,7.7,100.0,6.37,120.0,4776.93,4585.13,191.8
811.0,40.0,24.99,7.7,100.0,6.37,120.0,4776.89,4585.1,191.79
812.0,40.0,24.99,7.7,100.01,6.37,120.0,4776.85,4585.07,191.78
813.0,40.0,24.99,7.7,100.0,6.37,120.0,4776.82,4584.82,192.0
814.0,40.0,24.99,7.7,100.0,6.37,120.0,4776.79,4584.8,191.99
815.0,40.0,24.99,7.7,100.0,6.37,120.0,4776.76,4584.78,191.98
816.0,40.0,24.99,7.7,100.0,6.37,120.0,4776.73,4584.76,191.97
817.0,40.0,24.99,7.7,100.0,6.37,120.0,4776.71,4584.75,191.96
818.0,40.0,24.99,7.7,100.0,6.37,120.0,4776.69,4584.73,191.95
819.0,40.0,24.99,7.7,100.0,6.37,120.0,4776.67,4584.72,191.95
820.0,40.0,24.99,7.7,100.0,6.37,120.0,4776.65,4584.71,191.95
821.0,40.0,25.0,7.7,100.01,6.37,120.0,4776.64,4584.69,191.94
822.0,40.0,25.0,7.7,100.0,6.37,120.0,4776.62,4584.46,192.16
823.0,40.0,25.0,7.7,100.0,6.37,120.0,4776.61,4584.46,192.15
824.0,40.0,25.0,7.7,100.0,6.37,120.0,4776.6,4584.45,192.14
825.0,40.0,25.0,7.7,100.0,6.37,120.0,4776.58,4584.45,192.13
826.0,40.0,25.0,7.7,100.0,6.37,120.0,4776.57,4584.44,192.13
827.0,40.0,25.0,7.7,100.0,6.37,120.0,4776.56,4584.44,192.12
828.0,40.0,25.0,7.7,100.0,6.37,120.0,4776.56,4584.44,192.12
829.0,40.0,25.0,7.7,100.0,6.37,120.0,4776.55,4584.43,192.12
830.0,40.0,25.0,7.7,100.0,6.37,120.0,4776.54,4584.43,192.11
831.0,40.0,25.0,7.7,100.0,6.37,120.0,4776.53,4584.42,192.11
832.0,40.0,25.0,7.7,100.0,6.37,120.0,4776.53,4584.42,192.11
833.0,40.0,25.0,7.7,100.0,6.37,120.0,4776.52,4584.42,192.11
834.0,40.0,25.0,7.7,100.0,6.37,120.0,4776.52,4584.41,192.11
835.0,40.0,25.0,7.7,100.0,6.37,120.0,4776.51,4584.41,192.1
836.0,40.0,25.0,7.7,100.0,6.37,120.0,4776.51,4584.41,192.1
837.0,40.0,25.0,7.7,100.0,6.37,120.0,4776.51,4584.4,192.1
838.0,40.0,25.0,7.7,100.0,6.37,120.0,4776.5,4584.4,192.1
839.0,40.0,25.0,7.7,100.0,6.37,120.0,4776.5,4584.4,192.1
840.0,40.0,25.0,7.7,100.0,6.37,120.0,4776.5,4584.4,192.1
841.0,40.0,25.0,7.7,100.0,6.37,120.0,4776.5,4584.39,192.1
842.0,40.0,25.0,7.7,100.0,6.37,120.0,4776.49,4584.39,192.1
843.0,40.0,25.0,7.7,100.0,6.37,120.0,4776.49,4584.39,192.1
844.0,40.0,25.0,7.7,100.0,6.37,120.0,4776.49,4584.39,192.1
845.0,40.0,25.0,7.7,100.0,6.37,120.0,4776.49,4584.39,192.1
846.0,40.0,25.0,7.7,100.0,6.37,120.0,4776.49,4584.39,192.1
847.0,40.0,25.0,7.7,100.0,6.37,120.0,4776.48,4584.38,192.1
848.0,40.0,25.0,7.7,100.0,6.37,120.0,4776.48,4584.38,192.1
849.0,40.0,25.0,7.7,100.0,6.37,120.0,4776.48,4584.38,192.1
850.0,40.0,25.0,7.7,100.0,6.37,120.0,4776.48,4584.38,192.1
851.0,40.0,25.0,7.7,100.0,6.37,120.0,4776.48,4584.38,192.1
852.0,40.0,25.0,7.7,100.0,6.37,120.0,4776.48,4584.38,192.1
853.0,40.0,25.0,7.7,100.0,6.37,120.0,4776.48,4584.38,192.1
854.0,40.0,25.0,7.7,100.0,6.37,120.0,4776.48,4584.38,192.1
855.0,40.0,25.0,7.7,100.0,6.37,120.0,4776.48,4584.38,192.1
856.0,40.0,25.0,7.7,100.0,6.37,120.0,4776.48,4584.38,192.1
857.0,40.0,25.0,7.7,100.0,6.37,120.0,4776.48,4584.38,192.1
858.0,40.0,25.0,7.7,100.0,6.37,120.0,4776.47,4584.38,192.1
859.0,40.0,25.0,7.7,100.0,6.37,120.0,4776.47,4584.38,192.1
860.0,40.0,25.0,7.7,100.0,6.37,120.0,4776.47,4584.38,192.1
861.0,40.0,25.0,7.7,100.0,6.37,120.0,4776.47,4584.38,192.1
862.0,40.0,25.0,7.7,100.0,6.37,120.0,4776.47,4584.37,192.1
863.0,40.0,25.0,7.7,100.0,6.37,120.0,4776.47,4584.37,192.1
864.0,40.0,25.0,7.4,91.01,6.67,119.05,1861.13,2251.1,-389.97
865.0,40.0,25.0,7.1,83.37,6.97,117.5,1888.94,2356.31,-467.37
866.0,40.0,25.0,6.8,76.86,7.27,115.63,1912.11,2454.95,-542.85
867.0,40.0,25.0,6.5,71.29,7.57,113.63,1931.41,2547.76,-616.35
868.0,40.0,25.0,6.2,66.51,7.87,111.62,1947.51,2635.44,-687.93
869.0,40.0,25.0,5.9,62.39,8.17,109.7,1960.91,2718.63,-757.72
870.0,40.0,25.0,5.6,58.81,8.47,107.93,1972.09,2797.96,-825.87
871.0,40.0,25.0,5.3,55.69,8.77,106.35,1981.4,2873.96,-892.56
872.0,40.0,25.0,5.0,52.94,9.07,104.99,1989.16,2947.15,-957.99
873.0,40.0,25.0,4.7,50.51,9.37,103.84,1995.63,3017.97,-1022.34
874.0,40.0,25.0,4.4,48.34,9.67,102.92,2001.01,3086.83,-1085.81
875.0,40.0,25.0,4.1,46.39,9.97,102.21,2005.5,3154.09,-1148.58
876.0,40.0,25.0,3.8,44.63,10.27,101.71,2009.25,3220.07,-1210.82
877.0,40.0,25.0,3.5,43.01,10.57,101.4,2012.37,3285.06,-1272.69
878.0,40.0,25.0,3.2,41.53,10.87,101.26,2014.96,3349.31,-1334.34
879.0,40.0,25.0,2.9,40.15,11.17,101.3,2017.13,3413.03,-1395.9
880.0,40.0,25.0,2.6,38.85,11.47,101.48,2018.93,3476.43,-1457.5
881.0,40.0,25.0,2.3,37.64,11.77,101.8,2020.44,3539.67,-1519.23
882.0,40.0,25.0,2.0,36.48,12.07,102.24,2021.69,3602.9,-1581.2
883.0,40.0,25.0,1.7,35.37,12.37,102.8,2022.74,3666.24,-1643.5
884.0,40.0,25.0,1.4,34.31,12.67,103.46,2023.61,3729.81,-1706.2
885.0,40.0,25.0,1.1,33.28,12.97,104.21,2024.33,3793.7,-1769.37
886.0,40.0,25.0,1.0,32.37,13.27,105.05,2024.94,3884.48,-1859.55
887.0,40.0,25.0,1.0,31.62,13.57,105.99,2025.44,3987.55,-1962.11
888.0,40.0,25.0,1.0,30.99,13.87,107.01,2025.86,4088.28,-2062.42
889.0,40.0,25.0,1.0,30.46,14.17,108.11,2026.21,4187.01,-2160.8
890.0,40.0,25.0,1.0,30.03,14.47,109.29,2026.5,4284.03,-2257.53
891.0,40.0,25.0,1.0,29.66,14.77,110.55,2026.74,4379.57,-2352.83
892.0,40.0,25.0,1.0,29.36,15.0,111.8,2026.95,4455.01,-2428.06
893.0,40.0,25.0,1.0,29.1,15.0,112.83,2027.11,4461.87,-2434.75
894.0,40.0,25.0,1.0,28.89,15.0,113.67,2027.25,4467.58,-2440.33
895.0,40.0,25.0,1.0,28.72,15.0,114.36,2027.37,4472.34,-2444.97
896.0,40.0,25.0,1.0,28.57,15.0,114.93,2027.47,4476.31,-2448.84
897.0,40.0,25.0,1.0,28.45,15.0,115.39,2027.55,4479.62,-2452.07
898.0,40.0,25.0,1.0,28.35,15.0,115.77,2027.62,4482.38,-2454.76
899.0,40.0,25.0,1.0,28.26,15.0,116.08,2027.68,4484.67,-2457.0
900.0,40.0,25.0,1.0,28.19,15.0,116.33,2027.72,4486.59,-2458.86
901.0,40.0,25.0,1.0,28.13,15.0,116.54,2027.76,4488.18,-2460.42
902.0,40.0,25.0,1.0,28.09,15.0,116.71,2027.79,4489.51,-2461.72
903.0,40.0,25.0,1.0,28.04,15.0,116.84,2027.82,4490.62,-2462.8
904.0,40.0,25.0,4.6,35.0,15.0,117.44,5252.8,6286.38,-1033.59
905.0,40.0,25.0,7.85,46.07,15.0,118.69,5173.41,7491.85,-2318.44
906.0,40.0,25.0,10.54,59.67,15.0,120.66,5107.25,8372.28,-3265.03
907.0,40.0,25.0,12.56,74.27,14.95,123.27,5052.12,8899.55,-3847.43
908.0,40.0,25.0,13.85,88.53,14.69,126.27,5006.18,9063.11,-4056.93
909.0,40.0,25.0,14.42,101.35,14.18,129.42,4967.89,8909.82,-3941.93
910.0,40.0,25.0,14.35,111.92,13.43,132.48,4935.99,8503.56,-3567.57
911.0,40.0,25.0,13.76,119.76,12.43,135.26,4909.4,7913.46,-3004.05
912.0,40.0,25.0,12.77,124.69,11.21,137.56,4887.25,7204.61,-2317.36
913.0,40.0,25.0,11.54,126.79,9.81,139.18,4868.79,6433.89,-1565.11
914.0,40.0,25.3,10.2,126.39,8.27,139.95,4845.91,5639.93,-794.02
915.0,40.0,25.54,8.88,123.94,6.68,139.73,4826.88,4874.67,-47.79
916.0,40.0,25.73,7.68,119.97,5.1,138.44,4811.13,4170.73,640.4
917.0,40.0,25.87,6.68,115.07,3.62,136.08,4798.16,3557.36,1240.79
918.0,40.0,25.98,5.93,109.78,2.34,132.77,4787.55,3060.39,1727.15
919.0,40.0,26.06,5.44,104.59,1.31,128.72,4778.93,2701.35,2077.59
920.0,40.0,26.12,5.21,99.9,1.0,124.44,4772.01,2555.84,2216.17
921.0,40.0,26.15,5.21,96.01,1.0,120.25,4766.52,2564.7,2201.82
922.0,40.0,26.16,5.41,93.09,1.0,116.29,4762.22,2661.51,2100.7
923.0,40.0,26.16,5.76,91.21,1.3,112.87,4758.92,2875.89,1883.03
924.0,40.0,26.15,6.2,90.35,1.87,110.21,4756.47,3181.22,1575.25
925.0,40.0,26.13,6.68,90.41,2.65,108.46,4754.71,3541.92,1212.79
926.0,40.0,26.1,7.16,91.23,3.57,107.67,4753.53,3921.13,832.4
927.0,40.0,26.07,7.6,92.61,4.56,107.76,4752.83,4285.26,467.57
928.0,40.0,26.03,7.97,94.36,5.54,108.63,4752.51,4608.03,144.48
929.0,40.0,25.99,8.25,96.27,6.45,110.11,4752.51,4871.02,-118.51
930.0,40.0,25.95,8.44,98.15,7.24,111.99,4752.76,5064.86,-312.09
931.0,40.0,25.9,8.53,99.87,7.88,114.1,4753.21,5188.48,-435.27
932.0,40.0,25.86,8.54,101.31,8.35,116.27,4753.82,5246.31,-492.48
933.0,40.0,25.81,8.47,102.4,8.65,118.35,4754.55,5247.1,-492.55
934.0,40.0,25.77,8.35,103.11,8.78,120.23,4755.36,5202.08,-446.72
935.0,40.0,25.72,8.19,103.45,8.76,121.83,4756.23,5123.24,-367.0
936.0,40.0,25.68,8.02,103.45,8.62,123.08,4757.15,5022.23,-265.08
937.0,40.0,25.64,7.85,103.17,8.37,123.97,4758.09,4910.09,-152.0
938.0,40.0,25.6,7.69,102.67,8.05,124.5,4759.03,4796.18,-37.15
939.0,40.0,25.56,7.56,102.04,7.69,124.68,4759.98,4688.47,71.51
940.0,40.0,25.52,7.46,101.35,7.32,124.56,4760.91,4592.99,167.92
941.0,40.0,25.49,7.39,100.65,6.96,124.18,4761.82,4513.93,247.89
942.0,40.0,25.46,7.36,100.02,6.62,123.62,4762.71,4454.2,308.5
943.0,40.0,25.42,7.35,99.49,6.33,122.94,4763.56,4414.28,349.29
944.0,40.0,25.39,7.38,99.09,6.1,122.19,4764.39,4393.38,371.0
945.0,40.0,25.65,7.43,98.85,5.92,121.44,4757.97,4383.13,374.85
946.0,40.0,25.86,7.48,98.76,5.81,120.75,4752.76,4387.54,365.22
947.0,40.0,26.02,7.54,98.8,5.75,120.14,4748.6,4402.55,346.05
948.0,40.0,26.13,7.6,98.94,5.73,119.65,4745.36,4424.33,321.03
949.0,40.0,26.22,7.66,99.15,5.76,119.28,4742.93,4449.2,293.73
950.0,40.0,26.27,7.7,99.4,5.82,119.04,4741.2,4474.18,267.02
951.0,40.0,26.3,7.73,99.65,5.9,118.91,4740.07,4496.84,243.23
952.0,40.0,26.32,7.75,99.9,5.98,118.88,4739.45,4515.93,223.52
953.0,40.0,26.31,7.75,100.11,6.07,118.92,4739.26,4530.28,208.97
954.0,40.0,26.3,7.75,100.28,6.16,119.03,4739.43,4540.03,199.4
955.0,40.0,26.27,7.73,100.39,6.24,119.17,4739.89,4545.23,194.67
956.0,40.0,26.24,7.71,100.45,6.3,119.33,4740.6,4546.87,193.73
957.0,40.0,26.2,7.69,100.46,6.36,119.5,4741.51,4545.8,195.72
958.0,40.0,26.16,7.67,100.43,6.4,119.65,4742.57,4542.92,199.66
959.0,40.0,26.11,7.65,100.36,6.43,119.78,4743.75,4539.28,204.47
960.0,40.0,26.06,7.63,100.27,6.44,119.89,4745.02,4535.9,209.11
961.0,40.0,26.01,7.62,100.18,6.45,119.98,4746.34,4533.36,212.98
962.0,40.0,25.96,7.61,100.07,6.45,120.04,4747.71,4531.78,215.93
963.0,40.0,25.91,7.6,99.98,6.45,120.07,4749.09,4531.89,217.21
964.0,40.0,25.86,7.6,99.9,6.44,120.09,4750.48,4533.51,216.97
965.0,40.0,25.81,7.61,99.83,6.44,120.09,4751.86,4536.5,215.35
966.0,40.0,25.76,7.62,99.79,6.43,120.08,4753.21,4540.84,212.37
967.0,40.0,26.18,7.63,99.81,6.42,120.07,4742.79,4535.11,207.69
968.0,40.0,26.52,7.64,99.86,6.42,120.07,4734.35,4530.58,203.77
969.0,40.0,26.77,7.64,99.95,6.41,120.07,4727.65,4526.35,201.3
970.0,40.0,26.96,7.65,100.03,6.41,120.09,4722.47,4521.43,201.04
971.0,40.0,27.09,7.65,100.12,6.4,120.1,4718.62,4515.72,202.91
972.0,40.0,27.18,7.64,100.18,6.39,120.12,4715.92,4509.02,206.9
973.0,40.0,27.22,7.63,100.23,6.38,120.14,4714.19,4501.79,212.4
974.0,40.0,27.24,7.62,100.25,6.37,120.15,4713.31,4494.15,219.16
975.0,40.0,27.23,7.61,100.25,6.36,120.15,4713.12,4486.76,226.36
976.0,40.0,27.2,7.59,100.22,6.35,120.14,4713.53,4480.08,233.45
977.0,40.0,27.16,7.58,100.18,6.34,120.12,4714.42,4474.77,239.66
978.0,40.0,27.1,7.57,100.12,6.33,120.1,4715.71,4471.04,244.67
979.0,40.0,27.03,7.57,100.06,6.32,120.06,4717.32,4469.23,248.09
980.0,40.0,26.95,7.56,100.0,6.31,120.02,4719.17,4469.46,249.71
981.0,40.0,26.87,7.56,99.94,6.31,119.98,4721.21,4471.66,249.56
982.0,40.0,26.79,7.57,99.89,6.31,119.94,4723.39,4475.72,247.67
983.0,40.0,26.7,7.57,99.85,6.32,119.91,4725.67,4481.38,244.29
984.0,40.0,26.62,7.58,99.81,6.33,119.88,4728.0,4488.22,239.78
985.0,40.0,26.53,7.59,99.8,6.34,119.86,4730.36,4496.21,234.14
986.0,40.0,26.44,7.6,99.79,6.35,119.84,4732.72,4504.54,228.18
987.0,40.0,26.36,7.61,99.8,6.36,119.84,4735.05,4513.2,221.86
988.0,40.0,26.28,7.62,99.81,6.37,119.84,4737.35,4521.48,215.87
989.0,40.0,26.2,7.63,99.83,6.38,119.86,4739.6,4529.41,210.19
990.0,40.0,26.12,7.64,99.85,6.4,119.88,4741.78,4536.51,205.26
991.0,40.0,26.05,7.65,99.87,6.41,119.9,4743.89,4542.81,201.07
992.0,40.0,25.98,7.65,99.9,6.41,119.93,4745.92,4548.32,197.59
993.0,40.0,25.92,7.66,99.92,6.42,119.96,4747.86,4552.71,195.15
994.0,40.0,25.85,7.66,99.94,6.42,119.99,4749.72,4556.21,193.51
995.0,40.0,25.79,7.66,99.96,6.42,120.01,4751.49,4558.84,192.66
996.0,40.0,25.74,7.67,99.97,6.42,120.04,4753.17,4560.73,192.45
997.0,40.0,25.69,7.67,99.98,6.42,120.06,4754.77,4561.98,192.79
998.0,40.0,25.64,7.67,99.99,6.41,120.07,4756.28,4562.72,193.55
999.0,40.0,25.59,7.67,99.99,6.41,120.08,4757.7,4563.09,194.61
1000.0,40.0,25.55,7.67,99.98,6.4,120.08,4759.03,4563.29,195.74
1001.0,40.0,25.51,7.67,99.98,6.4,120.08,4760.29,4563.69,196.6
1002.0,40.0,25.47,7.67,99.97,6.39,120.07,4761.47,4564.03,197.44
1003.0,40.0,25.43,7.67,99.97,6.38,120.07,4762.58,4564.67,197.9
1004.0,40.0,25.4,7.68,99.97,6.38,120.06,4763.61,4565.26,198.35
1005.0,40.0,25.37,7.68,99.96,6.37,120.05,4764.57,4565.92,198.66
1006.0,40.0,25.34,7.68,99.96,6.37,120.03,4765.47,4566.87,198.61
1007.0,40.0,25.31,7.68,99.96,6.37,120.02,4766.31,4568.01,198.3
1008.0,40.0,25.29,7.68,99.96,6.37,120.01,4767.09,4569.23,197.87
1009.0,40.0,25.27,7.68,99.96,6.36,120.0,4767.82,4570.52,197.3
1010.0,40.0,25.24,7.69,99.96,6.36,120.0,4768.49,4571.88,196.61
1011.0,40.0,25.22,7.69,99.97,6.36,119.99,4769.12,4573.2,195.92
1012.0,40.0,25.21,7.69,99.97,6.37,119.99,4769.7,4574.38,195.32
1013.0,40.0,25.19,7.69,99.97,6.37,119.99,4770.24,4575.53,194.71
1014.0,40.0,25.17,7.69,99.98,6.37,119.99,4770.74,4576.64,194.1
1015.0,40.0,25.16,7.69,99.98,6.37,119.99,4771.2,4577.5,193.7
1016.0,40.0,25.15,7.7,99.99,6.37,119.99,4771.62,4578.33,193.29
1017.0,40.0,25.13,7.7,99.99,6.37,119.99,4772.02,4578.93,193.09
1018.0,40.0,25.12,7.7,99.99,6.37,119.99,4772.38,4579.51,192.87
1019.0,40.0,25.11,7.7,99.99,6.37,119.99,4772.71,4580.07,192.64
1020.0,40.0,25.1,7.7,100.0,6.37,120.0,4773.02,4580.62,192.4
1021.0,40.0,25.1,7.7,100.0,6.37,120.0,4773.31,4580.81,192.5
1022.0,40.0,25.09,7.7,100.0,6.37,120.0,4773.57,4580.99,192.58
1023.0,40.0,25.08,7.7,100.0,6.37,120.0,4773.81,4581.16,192.65
1024.0,40.0,25.07,7.7,99.99,6.37,120.0,4774.03,4581.33,192.71
1025.0,40.0,25.07,7.7,99.99,6.37,120.0,4774.24,4581.71,192.53
1026.0,40.0,25.06,7.7,99.99,6.37,120.01,4774.42,4582.07,192.36
1027.0,40.0,25.06,7.7,99.99,6.37,120.01,4774.6,4582.29,192.31
1028.0,40.0,25.05,7.7,99.99,6.37,120.01,4774.76,4582.49,192.26
1029.0,40.0,25.05,7.7,99.99,6.37,120.0,4774.9,4582.68,192.22
1030.0,40.0,25.04,7.7,100.0,6.37,120.0,4775.03,4582.99,192.04
1031.0,40.0,25.04,7.7,100.0,6.37,120.0,4775.16,4583.07,192.09
1032.0,40.0,25.04,7.7,100.0,6.37,120.0,4775.27,4583.14,192.13
1033.0,40.0,25.03,7.7,100.0,6.37,120.0,4775.37,4583.21,192.16
1034.0,40.0,25.03,7.7,100.0,6.37,120.0,4775.47,4583.27,192.19
1035.0,40.0,25.03,7.7,100.0,6.37,120.0,4775.55,4583.34,192.22
1036.0,40.0,25.02,7.7,100.0,6.37,120.0,4775.63,4583.4,192.24
1037.0,40.0,25.02,7.7,99.99,6.37,120.0,4775.71,4583.45,192.25
1038.0,40.0,25.02,7.7,99.99,6.37,120.0,4775.77,4583.73,192.04
1039.0,40.0,25.02,7.7,100.0,6.37,120.0,4775.83,4583.99,191.84
1040.0,40.0,25.02,7.7,100.0,6.37,120.0,4775.89,4584.02,191.86
1041.0,40.0,25.02,7.7,100.0,6.37,120.0,4775.94,4584.05,191.88
1042.0,40.0,25.01,7.7,100.0,6.37,120.0,4775.99,4584.08,191.9
1043.0,40.0,25.01,7.7,100.0,6.37,120.0,4776.03,4584.11,191.91
1044.0,40.0,25.01,7.7,100.0,6.37,120.0,4776.07,4584.14,191.93
1045.0,40.0,25.01,7.7,100.0,6.37,120.0,4776.1,4584.17,191.94
1046.0,40.0,25.01,7.7,100.0,6.37,120.0,4776.13,4584.19,191.94
1047.0,40.0,24.61,7.7,99.96,6.37,120.0,4786.15,4593.52,192.63
1048.0,40.0,24.29,7.7,99.91,6.37,119.99,4794.46,4602.21,192.24
1049.0,40.0,24.04,7.71,99.85,6.37,119.97,4801.24,4610.75,190.5
1050.0,40.0,23.84,7.72,99.8,6.37,119.95,4806.69,4619.59,187.09
1051.0,40.0,23.69,7.73,99.75,6.38,119.94,4810.97,4628.64,182.32
1052.0,40.0,23.59,7.74,99.73,6.38,119.92,4814.22,4637.87,176.35
1053.0,40.0,23.52,7.75,99.73,6.39,119.91,4816.6,4646.84,169.76
1054.0,40.0,23.47,7.77,99.74,6.4,119.91,4818.22,4655.08,163.14
1055.0,40.0,23.45,7.78,99.78,6.4,119.91,4819.2,4662.37,156.82
1056.0,40.0,23.45,7.79,99.82,6.41,119.93,4819.62,4668.15,151.48
1057.0,40.0,23.47,7.8,99.88,6.42,119.95,4819.6,4672.29,147.31
1058.0,40.0,23.5,7.8,99.93,6.42,119.98,4819.19,4674.45,144.74
1059.0,40.0,23.53,7.81,99.99,6.42,120.01,4818.47,4674.84,143.63
1060.0,40.0,23.58,7.81,100.04,6.42,120.04,4817.5,4673.33,144.17
1061.0,40.0,23.63,7.81,100.09,6.42,120.07,4816.33,4670.23,146.1
1062.0,40.0,23.68,7.8,100.12,6.41,120.1,4815.01,4665.6,149.4
1063.0,40.0,23.74,7.8,100.14,6.4,120.12,4813.57,4659.96,153.61
1064.0,40.0,23.8,7.79,100.16,6.39,120.13,4812.05,4653.68,158.37
1065.0,40.0,23.86,7.78,100.16,6.38,120.14,4810.47,4646.91,163.57
1066.0,40.0,23.92,7.77,100.16,6.37,120.14,4808.87,4640.11,168.76
1067.0,40.0,23.98,7.76,100.14,6.36,120.13,4807.25,4633.4,173.85
1068.0,40.0,24.04,7.76,100.13,6.35,120.11,4805.65,4627.37,178.28
1069.0,40.0,24.09,7.75,100.11,6.34,120.09,4804.06,4621.89,182.16
1070.0,40.0,24.15,7.75,100.09,6.33,120.07,4802.5,4617.19,185.31
1071.0,40.0,24.2,7.74,100.06,6.33,120.05,4800.98,4613.24,187.74
1072.0,40.0,24.25,7.74,100.05,6.32,120.02,4799.51,4610.26,189.25
1073.0,40.0,24.3,7.74,100.03,6.32,120.0,4798.09,4607.92,190.18
1074.0,40.0,24.35,7.73,100.02,6.32,119.98,4796.73,4606.3,190.43
1075.0,40.0,24.39,7.73,100.02,6.32,119.96,4795.43,4605.18,190.25
1076.0,40.0,24.44,7.73,100.01,6.33,119.95,4794.18,4604.33,189.85
1077.0,40.0,24.47,7.73,100.01,6.33,119.94,4793.0,4603.85,189.14
1078.0,40.0,24.51,7.73,100.01,6.34,119.94,4791.88,4603.53,188.35
1079.0,40.0,24.55,7.73,100.02,6.34,119.94,4790.81,4603.23,187.58
1080.0,40.0,24.58,7.73,100.02,6.35,119.94,4789.81,4602.75,187.06
1081.0,40.0,24.61,7.73,100.03,6.35,119.94,4788.87,4602.31,186.56
1082.0,40.0,24.64,7.73,100.03,6.36,119.95,4787.98,4601.68,186.29
1083.0,40.0,24.67,7.73,100.04,6.36,119.96,4787.14,4600.98,186.16
1084.0,40.0,24.69,7.72,100.04,6.36,119.97,4786.36,4599.98,186.37
1085.0,40.0,24.72,7.72,100.04,6.37,119.98,4785.63,4598.91,186.71
1086.0,40.0,24.74,7.72,100.04,6.37,119.99,4784.94,4597.77,187.18
1087.0,40.0,24.76,7.72,100.03,6.37,119.99,4784.3,4596.54,187.76
1088.0,40.0,24.78,7.72,100.03,6.37,120.0,4783.71,4595.59,188.12
1089.0,40.0,24.79,7.71,100.03,6.37,120.0,4783.15,4594.54,188.62
1090.0,40.0,24.81,7.71,100.02,6.37,120.01,4782.64,4593.52,189.11
1091.0,40.0,24.83,7.71,100.02,6.37,120.01,4782.16,4592.64,189.52
1092.0,40.0,24.84,7.71,100.02,6.37,120.01,4781.71,4591.77,189.94
1093.0,40.0,24.85,7.71,100.01,6.37,120.01,4781.3,4590.93,190.37
1094.0,40.0,24.86,7.71,100.01,6.37,120.01,4780.92,4590.34,190.58
1095.0,40.0,24.88,7.71,100.01,6.36,120.0,4780.56,4589.75,190.81
1096.0,40.0,24.89,7.71,100.01,6.36,120.0,4780.23,4589.31,190.92
1097.0,40.0,24.89,7.71,100.0,6.36,120.0,4779.93,4588.89,191.04
1098.0,40.0,24.9,7.71,100.0,6.36,120.0,4779.65,4588.7,190.95
1099.0,40.0,24.91,7.71,100.0,6.36,120.0,4779.39,4588.52,190.87
1100.0,40.0,24.92,7.71,100.01,6.36,120.0,4779.15,4588.34,190.81
1101.0,40.0,24.93,7.71,100.01,6.36,120.0,4778.93,4587.95,190.98
1102.0,40.0,24.93,7.71,100.01,6.36,120.0,4778.73,4587.58,191.15
1103.0,40.0,24.94,7.71,100.01,6.36,120.0,4778.54,4587.23,191.32
1104.0,40.0,24.94,7.71,100.01,6.36,120.0,4778.37,4586.88,191.49
1105.0,40.0,24.95,7.71,100.0,6.36,120.0,4778.21,4586.55,191.66
1106.0,40.0,24.95,7.71,100.0,6.36,120.0,4778.07,4586.46,191.61
1107.0,40.0,24.96,7.71,100.0,6.36,120.0,4777.93,4586.36,191.57
1108.0,40.0,24.96,7.71,100.01,6.36,120.0,4777.81,4586.28,191.53
1109.0,40.0,24.96,7.7,100.0,6.36,120.0,4777.7,4585.97,191.73
1110.0,40.0,24.97,7.7,100.01,6.36,120.0,4777.59,4585.9,191.69
1111.0,40.0,24.97,7.7,100.0,6.36,120.0,4777.5,4585.61,191.89
1112.0,40.0,24.97,7.7,100.0,6.36,120.0,4777.41,4585.55,191.86
1113.0,40.0,24.97,7.7,100.0,6.36,120.0,4777.33,4585.5,191.83
1114.0,40.0,24.98,7.7,100.0,6.36,120.0,4777.26,4585.44,191.81
1115.0,40.0,24.98,7.7,100.01,6.36,120.0,4777.19,4585.4,191.79
1116.0,40.0,24.98,7.7,100.0,6.36,120.0,4777.13,4585.13,192.0
1117.0,40.0,24.98,7.7,100.0,6.36,120.0,4777.07,4585.09,191.98
1118.0,40.0,24.98,7.7,100.0,6.36,120.0,4777.02,4585.05,191.96
1119.0,40.0,24.99,7.7,100.0,6.36,120.0,4776.97,4585.02,191.95
1120.0,40.0,24.99,7.7,100.01,6.36,120.0,4776.93,4584.99,191.94
1121.0,40.0,24.99,7.7,100.0,6.36,120.0,4776.89,4584.74,192.15
1122.0,40.0,24.99,7.7,100.0,6.36,120.0,4776.85,4584.72,192.13
1123.0,40.0,24.99,7.7,100.0,6.36,120.0,4776.82,4584.7,192.12
1124.0,40.0,24.99,7.7,100.0,6.36,119.99,4776.79,4584.68,192.11
1125.0,40.0,24.99,7.7,100.0,6.37,120.0,4776.76,4584.79,191.97
1126.0,40.0,24.99,7.7,100.0,6.37,120.0,4776.73,4584.77,191.96
1127.0,40.0,24.99,7.7,100.0,6.37,120.0,4776.71,4584.75,191.96
1128.0,40.0,24.99,7.7,100.0,6.37,120.0,4776.69,4584.74,191.95
1129.0,40.0,24.99,7.7,100.0,6.37,120.0,4776.67,4584.72,191.95
1130.0,40.0,24.99,7.7,100.0,6.37,120.0,4776.65,4584.71,191.94
1131.0,40.0,25.0,7.7,100.0,6.37,120.0,4776.64,4584.7,191.94
1132.0,40.0,25.0,7.7,100.01,6.37,120.0,4776.62,4584.68,191.94
1133.0,40.0,25.0,7.7,100.0,6.37,120.0,4776.61,4584.45,192.16
1134.0,40.0,25.0,7.7,100.0,6.37,120.0,4776.6,4584.45,192.15
1135.0,40.0,25.0,7.7,100.0,6.37,120.0,4776.58,4584.44,192.14
1136.0,40.0,25.0,7.7,100.0,6.37,120.0,4776.57,4584.44,192.13
1137.0,40.0,25.0,7.7,100.0,6.37,120.0,4776.56,4584.44,192.13
1138.0,40.0,25.0,7.7,100.0,6.37,120.0,4776.56,4584.43,192.12
1139.0,40.0,25.0,7.7,100.0,6.37,120.0,4776.55,4584.43,192.12
1140.0,40.0,25.0,7.7,100.0,6.37,120.0,4776.54,4584.43,192.12
1141.0,40.0,25.0,7.7,100.0,6.37,120.0,4776.53,4584.42,192.11
1142.0,40.0,25.0,7.7,100.0,6.37,120.0,4776.53,4584.42,192.11
1143.0,40.0,25.0,7.7,100.0,6.37,120.0,4776.52,4584.42,192.11
1144.0,40.0,25.0,7.7,100.0,6.37,120.0,4776.52,4584.41,192.11
1145.0,40.0,25.0,7.7,100.0,6.37,120.0,4776.51,4584.41,192.11
1146.0,40.0,25.0,7.7,100.0,6.37,120.0,4776.51,4584.41,192.1
1147.0,40.0,25.0,7.7,100.0,6.37,120.0,4776.51,4584.4,192.1
1148.0,40.0,24.6,7.7,99.97,6.37,119.99,4786.49,4593.71,192.78
1149.0,40.0,24.28,7.7,99.91,6.37,119.98,4794.76,4602.28,192.48
1150.0,40.0,24.03,7.71,99.86,6.37,119.97,4801.52,4610.92,190.59
1151.0,40.0,23.83,7.72,99.8,6.37,119.95,4806.94,4619.53,187.4
1152.0,40.0,23.69,7.73,99.76,6.37,119.93,4811.19,4628.57,182.62
1153.0,40.0,23.58,7.74,99.74,6.38,119.92,4814.43,4637.7,176.73
1154.0,40.0,23.51,7.75,99.73,6.39,119.91,4816.78,4646.44,170.34
1155.0,40.0,23.47,7.76,99.75,6.39,119.9,4818.38,4654.69,163.69
1156.0,40.0,23.45,7.78,99.78,6.4,119.91,4819.34,4661.89,157.45
1157.0,40.0,23.45,7.79,99.82,6.41,119.92,4819.76,4667.68,152.08
1158.0,40.0,23.47,7.8,99.87,6.42,119.95,4819.72,4671.95,147.77
1159.0,40.0,23.49,7.8,99.93,6.42,119.97,4819.3,4674.34,144.96
1160.0,40.0,23.53,7.81,99.99,6.42,120.0,4818.57,4674.86,143.71
1161.0,40.0,23.58,7.81,100.04,6.42,120.04,4817.59,4673.47,144.12
1162.0,40.0,23.63,7.81,100.08,6.42,120.07,4816.41,4670.36,146.05
1163.0,40.0,23.68,7.51,90.93,6.72,119.13,1874.93,2284.58,-409.66
1164.0,40.0,23.74,7.21,83.17,7.02,117.58,1902.45,2391.42,-488.97
1165.0,40.0,23.8,6.91,76.57,7.32,115.7,1925.26,2491.36,-566.1
1166.0,40.0,23.86,6.61,70.93,7.62,113.68,1944.15,2585.19,-641.04
1167.0,40.0,23.92,6.31,66.1,7.92,111.65,1959.77,2673.63,-713.86
1168.0,40.0,23.98,6.01,61.94,8.22,109.71,1972.68,2757.38,-784.7
1169.0,40.0,24.04,5.71,58.34,8.52,107.93,1983.34,2837.07,-853.74
1170.0,40.0,24.09,5.41,55.21,8.82,106.35,1992.11,2913.28,-921.17
1171.0,40.0,24.15,5.11,52.46,9.12,104.98,1999.34,2986.53,-987.19
1172.0,40.0,24.2,4.81,50.04,9.42,103.83,2005.27,3057.29,-1052.03
1173.0,40.0,24.25,4.51,47.88,9.72,102.91,2010.12,3126.0,-1115.87
1174.0,40.0,24.3,4.21,45.95,10.02,102.2,2014.1,3193.01,-1178.92
1175.0,40.0,24.35,3.91,44.21,10.32,101.7,2017.33,3258.68,-1241.35
1176.0,40.0,24.39,3.61,42.62,10.62,101.4,2019.96,3323.29,-1303.34
1177.0,40.0,24.43,3.31,41.16,10.92,101.28,2022.08,3387.12,-1365.03
1178.0,40.0,24.47,3.01,39.81,11.22,101.33,2023.8,3450.38,-1426.58
1179.0,40.0,24.51,2.71,38.54,11.52,101.53,2025.17,3513.28,-1488.12
1180.0,40.0,24.55,2.41,37.35,11.82,101.86,2026.26,3576.0,-1549.74
1181.0,40.0,24.58,2.11,36.22,12.12,102.32,2027.12,3638.69,-1611.57
1182.0,40.0,24.61,1.81,35.14,12.42,102.9,2027.79,3701.48,-1673.7
1183.0,40.0,24.64,1.51,34.11,12.72,103.57,2028.31,3764.5,-1736.19
1184.0,40.0,24.67,1.21,33.11,13.02,104.34,2028.7,3827.83,-1799.13
1185.0,40.0,24.69,1.0,32.18,13.32,105.2,2028.99,3904.29,-1875.3
1186.0,40.0,24.72,1.0,31.41,13.62,106.14,2029.2,4007.87,-1978.67
1187.0,40.0,24.74,1.0,30.77,13.92,107.17,2029.34,4108.97,-2079.62
1188.0,40.0,24.76,1.0,30.24,14.22,108.28,2029.44,4207.94,-2178.5
1189.0,40.0,24.78,1.0,29.81,14.52,109.47,2029.49,4305.09,-2275.61
1190.0,40.0,24.79,1.0,29.44,14.82,110.73,2029.5,4400.7,-2371.19
1191.0,40.0,24.81,1.0,29.15,15.0,111.94,2029.5,4460.92,-2431.42
1192.0,40.0,24.83,1.0,28.9,15.0,112.93,2029.47,4467.58,-2438.11
1193.0,40.0,24.84,1.0,28.7,15.0,113.74,2029.43,4473.07,-2443.64
1194.0,40.0,24.85,1.0,28.53,15.0,114.41,2029.38,4477.58,-2448.2
1195.0,40.0,24.86,1.0,28.39,15.0,114.95,2029.32,4481.29,-2451.97
1196.0,40.0,24.88,4.58,35.25,15.0,115.88,5256.74,6273.23,-1016.49
1197.0,40.0,24.89,7.82,46.22,15.0,117.4,5177.05,7476.54,-2299.49
1198.0,40.0,24.89,10.51,59.72,15.0,119.59,5110.61,8356.58,-3245.97
1199.0,40.0,24.9,12.52,74.25,15.0,122.42,5055.22,8895.98,-3840.76
1200.0,40.0,24.91,13.81,88.45,14.81,125.62,5009.03,9072.58,-4063.55
1201.0,40.0,24.92,14.39,101.22,14.36,128.96,4970.52,8927.45,-3956.93
1202.0,40.0,24.93,14.33,111.76,13.64,132.18,4938.41,8526.17,-3587.76
1203.0,40.0,24.93,13.74,119.59,12.67,135.09,4911.62,7939.34,-3027.71
1204.0,40.0,24.94,12.76,124.53,11.46,137.49,4889.29,7233.04,-2343.75
1205.0,40.0,24.94,11.53,126.65,10.06,139.19,4870.66,6464.6,-1593.94
1206.0,40.0,24.95,10.2,126.26,8.52,140.04,4855.12,5681.96,-826.84
1207.0,40.0,24.95,8.89,123.8,6.92,139.87,4842.16,4924.38,-82.23
1208.0,40.0,24.96,7.7,119.81,5.33,138.63,4831.34,4225.89,605.45
1209.0,40.0,24.96,6.7,114.89,3.84,136.31,4822.32,3616.54,1205.78
1210.0,40.0,24.96,5.96,109.58,2.54,133.02,4814.78,3122.72,1692.06
1211.0,40.0,24.97,5.48,104.37,1.49,128.99,4808.5,2766.57,2041.93
1212.0,40.0,24.97,5.26,99.68,1.0,124.63,4803.25,2598.76,2204.49
1213.0,40.0,24.97,5.28,95.8,1.0,120.37,4798.87,2613.16,2185.72
1214.0,40.0,25.27,5.49,92.94,1.0,116.37,4787.72,2710.82,2076.89
1215.0,40.0,25.52,5.84,91.15,1.29,112.92,4778.45,2924.2,1854.25
1216.0,40.0,25.71,6.28,90.39,1.86,110.25,4770.82,3227.04,1543.78
1217.0,40.0,25.86,6.76,90.56,2.64,108.51,4764.62,3583.02,1181.59
1218.0,40.0,25.97,7.24,91.46,3.56,107.73,4759.64,3954.75,804.89
1219.0,40.0,26.05,7.66,92.91,4.54,107.85,4755.72,4309.5,446.22
1220.0,40.0,26.1,8.02,94.7,5.51,108.73,4752.7,4621.19,131.51
1221.0,40.0,26.14,8.28,96.61,6.41,110.21,4750.45,4872.63,-122.17
1222.0,40.0,26.15,8.45,98.49,7.19,112.09,4748.86,5055.66,-306.8
1223.0,40.0,26.15,8.53,100.17,7.83,114.19,4747.82,5169.29,-421.47
1224.0,40.0,26.14,8.52,101.56,8.29,116.34,4747.24,5218.9,-471.66
1225.0,40.0,26.12,8.44,102.58,8.58,118.4,4747.04,5213.46,-466.42
1226.0,40.0,26.09,8.31,103.23,8.71,120.25,4747.16,5164.42,-417.26
1227.0,40.0,26.06,8.15,103.51,8.69,121.81,4747.53,5083.48,-335.95
1228.0,40.0,26.02,7.98,103.45,8.55,123.03,4748.12,4982.25,-234.14
1229.0,40.0,25.98,7.8,103.12,8.31,123.89,4748.86,4871.52,-122.66
1230.0,40.0,25.94,7.65,102.59,7.99,124.39,4749.73,4760.37,-10.63
1231.0,40.0,25.9,7.52,101.94,7.64,124.55,4750.7,4656.3,94.4
1232.0,40.0,25.85,7.42,101.24,7.28,124.42,4751.74,4565.03,186.7
1233.0,40.0,25.81,7.36,100.55,6.93,124.04,4752.82,4490.43,262.39
1234.0,40.0,25.76,7.33,99.92,6.6,123.48,4753.93,4434.88,319.05
1235.0,40.0,25.72,7.34,99.4,6.32,122.8,4755.05,4399.09,355.96
1236.0,40.0,25.68,7.37,99.02,6.1,122.07,4756.17,4382.1,374.06
1237.0,40.0,25.64,7.41,98.77,5.93,121.34,4757.28,4381.51,375.76
1238.0,40.0,25.6,7.48,98.66,5.83,120.66,4758.36,4394.56,363.8
1239.0,40.0,25.56,7.54,98.67,5.77,120.07,4759.42,4417.62,341.81
1240.0,40.0,25.52,7.61,98.79,5.77,119.59,4760.45,4447.01,313.44
1241.0,40.0,25.49,7.67,98.98,5.8,119.23,4761.44,4479.02,282.43
1242.0,40.0,25.45,7.72,99.22,5.86,118.99,4762.4,4510.72,251.68
1243.0,40.0,25.42,7.76,99.48,5.94,118.87,4763.31,4539.66,223.65
1244.0,40.0,25.39,7.79,99.73,6.03,118.85,4764.18,4564.06,200.12
1245.0,40.0,25.37,7.8,99.97,6.13,118.91,4765.0,4583.08,181.93
1246.0,40.0,25.34,7.8,100.16,6.21,119.03,4765.79,4596.1,169.68
1247.0,40.0,25.31,7.79,100.31,6.29,119.19,4766.53,4603.66,162.87
1248.0,40.0,25.29,7.78,100.4,6.36,119.37,4767.23,4606.22,161.01
1249.0,40.0,25.27,7.76,100.45,6.41,119.55,4767.89,4604.94,162.94
1250.0,40.0,25.25,7.73,100.45,6.44,119.72,4768.51,4600.71,167.79
1251.0,40.0,25.23,7.71,100.41,6.46,119.87,4769.09,4594.74,174.35
1252.0,40.0,25.21,7.69,100.34,6.48,119.99,4769.63,4588.08,181.55
1253.0,40.0,25.2,7.67,100.26,6.48,120.08,4770.14,4581.7,188.45
1254.0,40.0,25.18,7.66,100.16,6.47,120.14,4770.62,4576.09,194.53
1255.0,40.0,25.17,7.65,100.07,6.46,120.17,4771.06,4571.98,199.08
1256.0,40.0,25.15,7.65,99.99,6.44,120.18,4771.47,4569.46,202.02
1257.0,40.0,25.14,7.65,99.92,6.43,120.18,4771.86,4568.47,203.39
1258.0,40.0,25.13,7.65,99.87,6.42,120.16,4772.22,4568.88,203.34
1259.0,40.0,25.12,7.66,99.83,6.4,120.13,4772.55,4570.47,202.08
1260.0,40.0,25.11,7.67,99.82,6.39,120.1,4772.86,4573.13,199.73
1261.0,40.0,25.1,7.68,99.82,6.38,120.07,4773.14,4576.2,196.94
1262.0,40.0,25.09,7.69,99.83,6.38,120.04,4773.41,4579.49,193.92
1263.0,40.0,25.09,7.7,99.86,6.38,120.02,4773.65,4582.79,190.86
1264.0,40.0,25.08,7.7,99.89,6.37,120.01,4773.88,4585.57,188.31
1265.0,40.0,25.07,7.71,99.92,6.37,120.0,4774.09,4587.73,186.36
1266.0,40.0,25.07,7.71,99.96,6.37,120.0,4774.28,4589.31,184.97
1267.0,40.0,25.06,7.71,99.99,6.37,120.0,4774.46,4589.99,184.47
1268.0,40.0,25.06,7.72,100.02,6.37,120.01,4774.63,4590.02,184.6
1269.0,40.0,25.05,7.71,100.04,6.37,120.01,4774.78,4589.3,185.48
1270.0,40.0,25.05,7.71,100.05,6.37,120.02,4774.92,4588.18,186.73
1271.0,40.0,25.04,7.71,100.06,6.37,120.03,4775.05,4586.78,188.27
1272.0,40.0,25.04,7.71,100.06,6.37,120.03,4775.17,4585.08,190.08
1273.0,40.0,25.04,7.7,100.06,6.37,120.03,4775.27,4583.44,191.84
1274.0,40.0,25.03,7.7,100.05,6.36,120.03,4775.37,4581.84,193.54
1275.0,40.0,25.03,7.7,100.03,6.36,120.02,4775.47,4580.5,194.97
1276.0,40.0,25.03,7.7,100.02,6.36,120.02,4775.55,4579.75,195.8
1277.0,40.0,25.32,7.7,100.04,6.36,120.01,4768.15,4572.26,195.89
1278.0,40.0,25.56,7.69,100.06,6.36,120.01,4762.02,4565.59,196.43
1279.0,40.0,25.75,7.69,100.1,6.36,120.02,4757.03,4559.52,197.5
1280.0,40.0,25.89,7.69,100.13,6.35,120.03,4753.02,4553.38,199.64
1281.0,40.0,26.0,7.68,100.16,6.35,120.03,4749.89,4547.31,202.58
1282.0,40.0,26.08,7.67,100.18,6.35,120.04,4747.52,4541.35,206.17
1283.0,40.0,26.13,7.66,100.18,6.35,120.04,4745.8,4535.52,210.28
1284.0,40.0,26.16,7.65,100.17,6.34,120.05,4744.64,4530.3,214.34
1285.0,40.0,26.17,7.64,100.15,6.34,120.04,4743.96,4525.69,218.27
1286.0,40.0,26.17,7.64,100.12,6.34,120.03,4743.68,4522.09,221.6
1287.0,40.0,26.16,7.63,100.09,6.33,120.02,4743.74,4519.62,224.12
1288.0,40.0,26.14,7.63,100.05,6.33,120.0,4744.09,4518.21,225.87
1289.0,40.0,26.11,7.62,100.01,6.33,119.99,4744.66,4518.14,226.52
1290.0,40.0,26.07,7.62,99.97,6.33,119.97,4745.42,4519.21,226.21
1291.0,40.0,26.04,7.63,99.94,6.34,119.95,4746.32,4521.49,224.83
1292.0,40.0,25.99,7.63,99.92,6.34,119.93,4747.34,4524.71,222.63
1293.0,40.0,25.95,7.63,99.9,6.34,119.92,4748.44,4528.62,219.82
1294.0,40.0,25.9,7.64,99.89,6.35,119.91,4749.6,4533.06,216.54
1295.0,40.0,25.86,7.64,99.89,6.36,119.91,4750.8,4537.79,213.01
1296.0,40.0,25.81,7.65,99.89,6.37,119.91,4752.02,4542.46,209.56
1297.0,40.0,25.77,7.65,99.89,6.37,119.91,4753.25,4547.07,206.18
1298.0,40.0,25.72,7.66,99.9,6.38,119.92,4754.47,4551.61,202.86
1299.0,40.0,25.68,7.66,99.92,6.39,119.93,4755.67,4555.74,199.93
1300.0,40.0,25.64,7.67,99.93,6.39,119.95,4756.85,4559.24,197.61
1301.0,40.0,25.6,7.67,99.94,6.4,119.97,4758.0,4562.23,195.77
1302.0,40.0,25.56,7.67,99.96,6.4,119.98,4759.11,4564.7,194.41
1303.0,40.0,25.52,7.68,99.97,6.4,120.0,4760.18,4566.57,193.61
1304.0,40.0,25.49,7.68,99.98,6.4,120.01,4761.21,4567.95,193.26
1305.0,40.0,25.46,7.68,99.98,6.4,120.02,4762.19,4568.95,193.24
1306.0,40.0,25.43,7.68,99.99,6.4,120.03,4763.13,4569.82,193.32
1307.0,40.0,25.4,7.68,99.99,6.4,120.04,4764.03,4570.31,193.72
1308.0,40.0,25.37,7.68,99.99,6.39,120.05,4764.87,4570.66,194.21
1309.0,40.0,25.34,7.68,99.98,6.39,120.05,4765.67,4570.86,194.81
1310.0,40.0,25.32,7.68,99.98,6.38,120.05,4766.43,4571.26,195.17
1311.0,40.0,25.29,7.68,99.98,6.38,120.04,4767.14,4571.63,195.52
1312.0,40.0,25.27,7.68,99.98,6.38,120.04,4767.81,4572.09,195.73
1313.0,40.0,25.25,7.69,99.98,6.37,120.03,4768.44,4572.51,195.93
1314.0,40.0,25.23,7.69,99.98,6.37,120.03,4769.03,4573.03,196.0
1315.0,40.0,25.21,7.69,99.97,6.37,120.02,4769.58,4573.52,196.07
1316.0,40.0,25.2,7.69,99.97,6.37,120.01,4770.1,4574.32,195.78
1317.0,40.0,25.18,7.69,99.98,6.37,120.01,4770.58,4575.21,195.36
1318.0,40.0,25.17,7.69,99.98,6.37,120.0,4771.03,4575.85,195.18
1319.0,40.0,25.15,7.69,99.98,6.37,120.0,4771.44,4576.59,194.86
1320.0,40.0,25.14,7.69,99.98,6.37,119.99,4771.83,4577.3,194.53
1321.0,40.0,25.13,7.69,99.98,6.37,119.99,4772.19,4578.12,194.07
1322.0,40.0,25.12,7.7,99.98,6.37,119.99,4772.53,4578.91,193.61
1323.0,40.0,25.11,7.7,99.99,6.37,119.99,4772.84,4579.69,193.15
1324.0,40.0,25.1,7.7,99.99,6.37,119.99,4773.13,4580.22,192.91
1325.0,40.0,25.09,7.7,99.99,6.37,119.99,4773.39,4580.74,192.66
1326.0,40.0,25.09,7.7,99.99,6.37,120.0,4773.64,4581.24,192.4
1327.0,40.0,25.08,7.7,100.0,6.37,120.0,4773.87,4581.61,192.26
1328.0,40.0,25.07,7.7,100.0,6.37,120.0,4774.08,4581.74,192.34
1329.0,40.0,25.07,7.7,100.0,6.37,120.0,4774.27,4581.87,192.4
1330.0,40.0,25.06,7.7,100.0,6.37,120.0,4774.45,4582.0,192.45
1331.0,40.0,25.06,7.7,100.0,6.37,120.0,4774.62,4582.12,192.5
1332.0,40.0,25.05,7.7,100.0,6.37,120.0,4774.77,4582.24,192.54
1333.0,40.0,25.05,7.7,99.99,6.37,120.0,4774.91,4582.34,192.57
1334.0,40.0,25.04,7.7,99.99,6.37,120.0,4775.04,4582.67,192.37
1335.0,40.0,25.04,7.7,99.99,6.37,120.0,4775.16,4582.98,192.18
1336.0,40.0,25.04,7.7,99.99,6.37,120.0,4775.27,4583.28,191.99
1337.0,40.0,25.03,7.7,100.0,6.37,120.0,4775.37,4583.57,191.8
1338.0,40.0,25.03,7.7,100.0,6.37,120.0,4775.46,4583.62,191.84
1339.0,40.0,25.03,7.7,100.0,6.37,120.0,4775.55,4583.68,191.87
1340.0,40.0,25.03,7.7,100.0,6.37,120.01,4775.63,4583.73,191.9
1341.0,40.0,25.02,7.7,100.0,6.37,120.01,4775.7,4583.65,192.05
1342.0,40.0,25.02,7.7,100.0,6.37,120.0,4775.76,4583.57,192.19
1343.0,40.0,25.02,7.7,100.0,6.37,120.0,4775.82,4583.61,192.21
1344.0,40.0,25.02,7.7,100.0,6.37,120.0,4775.88,4583.66,192.22
1345.0,40.0,25.02,7.7,99.99,6.37,120.0,4775.93,4583.7,192.23
1346.0,40.0,25.01,7.7,100.0,6.37,120.0,4775.98,4583.96,192.02
1347.0,40.0,25.01,7.7,100.0,6.37,120.0,4776.02,4583.98,192.04
1348.0,40.0,25.01,7.7,100.0,6.37,120.0,4776.06,4584.01,192.05
1349.0,40.0,25.01,7.7,100.0,6.37,120.0,4776.09,4584.04,192.06
1350.0,40.0,25.01,7.7,100.0,6.37,120.0,4776.13,4584.06,192.07
1351.0,40.0,25.01,7.7,99.99,6.37,120.0,4776.16,4584.08,192.08
1352.0,40.0,25.01,7.7,100.0,6.37,120.0,4776.18,4584.32,191.86
1353.0,40.0,25.01,7.7,100.0,6.37,120.0,4776.21,4584.34,191.87
1354.0,40.0,25.01,7.7,100.0,6.37,120.0,4776.23,4584.35,191.88
1355.0,40.0,25.01,7.7,100.0,6.37,120.0,4776.25,4584.36,191.89
1356.0,40.0,25.01,7.7,100.0,6.37,120.0,4776.27,4584.37,191.9
1357.0,40.0,25.01,7.7,100.0,6.37,120.0,4776.29,4584.38,191.91
1358.0,40.0,25.0,7.7,100.0,6.37,120.0,4776.31,4584.39,191.91
1359.0,40.0,25.0,7.7,100.0,6.37,120.0,4776.32,4584.4,191.92
1360.0,40.0,25.0,7.7,100.0,6.37,120.0,4776.33,4584.41,191.92
1361.0,40.0,25.0,7.7,100.0,6.37,120.0,4776.35,4584.42,191.92
1362.0,40.0,25.0,7.7,100.0,6.37,120.0,4776.36,4584.43,191.93
1363.0,40.0,25.0,7.4,91.0,6.67,119.05,1861.09,2251.57,-390.48
1364.0,40.0,25.0,7.1,83.36,6.97,117.51,1888.9,2356.82,-467.92
1365.0,40.0,25.0,6.8,76.86,7.27,115.64,1912.07,2455.49,-543.42
1366.0,40.0,25.0,6.5,71.29,7.57,113.63,1931.38,2548.33,-616.95
1367.0,40.0,25.0,6.2,66.51,7.87,111.62,1947.48,2636.03,-688.55
1368.0,40.0,25.0,5.9,62.39,8.17,109.7,1960.89,2719.25,-758.36
1369.0,40.0,25.0,5.6,58.81,8.47,107.94,1972.06,2798.59,-826.53
1370.0,40.0,25.0,5.3,55.68,8.77,106.36,1981.38,2874.62,-893.24
1371.0,40.0,25.0,5.0,52.94,9.07,105.0,1989.14,2947.82,-958.68
1372.0,40.0,25.0,4.7,50.51,9.37,103.85,1995.61,3018.65,-1023.04
1373.0,40.0,25.0,4.4,48.34,9.67,102.93,2001.0,3087.52,-1086.52
1374.0,40.0,25.0,4.1,46.39,9.97,102.22,2005.49,3154.79,-1149.3
1375.0,40.0,25.0,3.8,44.63,10.27,101.72,2009.23,3220.79,-1211.56
1376.0,40.0,25.0,3.5,43.01,10.57,101.41,2012.35,3285.79,-1273.44
1377.0,40.0,25.0,3.2,41.53,10.87,101.28,2014.95,3350.05,-1335.1
1378.0,40.0,25.0,2.9,40.15,11.17,101.31,2017.12,3413.79,-1396.67
1379.0,40.0,25.0,2.6,38.85,11.47,101.49,2018.92,3477.19,-1458.27
1380.0,40.0,25.0,2.3,37.63,11.77,101.81,2020.43,3540.44,-1520.01
1381.0,40.0,25.0,2.0,36.48,12.07,102.26,2021.68,3603.67,-1581.99
1382.0,40.0,25.0,1.7,35.37,12.37,102.82,2022.73,3667.03,-1644.3
1383.0,40.0,25.0,1.4,34.3,12.67,103.48,2023.6,3730.6,-1707.0
1384.0,40.0,25.0,1.1,33.28,12.97,104.23,2024.33,3794.51,-1770.18
1385.0,40.0,25.0,1.0,32.37,13.27,105.07,2024.93,3885.43,-1860.5
1386.0,40.0,25.0,1.0,31.61,13.57,106.0,2025.43,3988.49,-1963.06
1387.0,40.0,25.0,1.0,30.99,13.87,107.02,2025.85,4089.22,-2063.37
1388.0,40.0,25.0,1.0,30.46,14.17,108.13,2026.2,4187.95,-2161.75
1389.0,40.0,25.0,1.0,30.02,14.47,109.31,2026.5,4284.96,-2258.46
1390.0,40.0,25.0,1.0,29.66,14.77,110.56,2026.74,4380.5,-2353.76
1391.0,40.0,25.0,1.0,29.36,15.0,111.82,2026.94,4455.02,-2428.08
1392.0,40.0,25.0,1.0,29.1,15.0,112.84,2027.11,4461.88,-2434.77
1393.0,40.0,25.0,1.0,28.89,15.0,113.68,2027.25,4467.59,-2440.34
1394.0,40.0,25.0,1.0,28.72,15.0,114.37,2027.37,4472.35,-2444.98
1395.0,40.0,25.0,1.0,28.57,15.0,114.93,2027.47,4476.32,-2448.85
1396.0,40.0,25.0,1.0,28.45,15.0,115.4,2027.55,4479.62,-2452.07
1397.0,40.0,25.0,1.0,28.35,15.0,115.77,2027.62,4482.38,-2454.76
1398.0,40.0,25.0,1.0,28.26,15.0,116.08,2027.67,4484.67,-2457.0
1399.0,40.0,25.0,1.0,28.19,15.0,116.33,2027.72,4486.59,-2458.86
1400.0,40.0,25.0,1.0,28.13,15.0,116.54,2027.76,4488.18,-2460.42
1401.0,40.0,25.0,1.0,28.09,15.0,116.71,2027.79,4489.51,-2461.72
1402.0,40.0,25.0,1.0,28.04,15.0,116.85,2027.82,4490.62,-2462.8
1403.0,40.0,25.0,1.0,28.01,15.0,116.96,2027.84,4491.54,-2463.7
1404.0,40.0,25.0,1.0,27.98,15.0,117.05,2027.86,4492.31,-2464.45
1405.0,40.0,25.0,1.0,27.96,15.0,117.13,2027.88,4492.95,-2465.07
1406.0,40.0,25.0,1.0,27.94,15.0,117.19,2027.89,4493.48,-2465.59
1407.0,40.0,25.0,1.0,27.92,15.0,117.24,2027.9,4493.93,-2466.03
1408.0,40.0,25.0,1.0,27.91,15.0,117.28,2027.91,4494.3,-2466.39
1409.0,40.0,25.0,1.0,27.9,15.0,117.31,2027.92,4494.61,-2466.69
1410.0,40.0,25.0,1.0,27.89,15.0,117.34,2027.93,4494.87,-2466.94
1411.0,40.0,25.0,1.0,27.88,15.0,117.36,2027.93,4495.08,-2467.15
1412.0,40.0,25.0,4.61,34.87,15.0,117.86,5253.06,6293.45,-1040.4
1413.0,40.0,25.0,7.86,45.99,15.0,119.03,5173.62,7500.73,-2327.11
1414.0,40.0,25.0,10.56,59.63,15.0,120.95,5107.43,8381.84,-3274.41
1415.0,40.0,25.0,12.58,74.28,14.92,123.49,5052.27,8904.19,-3851.92
1416.0,40.0,25.0,13.87,88.57,14.64,126.43,5006.3,9064.09,-4057.79
1417.0,40.0,25.0,14.44,101.41,14.13,129.53,4968.0,8908.25,-3940.25
1418.0,40.0,25.0,14.37,111.99,13.37,132.56,4936.08,8500.14,-3564.06
1419.0,40.0,25.0,13.77,119.84,12.36,135.3,4909.48,7908.49,-2999.01
1420.0,40.0,25.0,12.78,124.76,11.14,137.57,4887.31,7198.23,-2310.92
1421.0,40.0,25.0,11.54,126.86,9.73,139.17,4868.84,6426.39,-1557.55
1422.0,40.0,25.0,10.2,126.43,8.2,139.92,4853.44,5640.32,-786.88
1423.0,40.0,25.0,8.87,123.93,6.61,139.68,4840.61,4879.82,-39.21
1424.0,40.0,25.0,7.68,119.9,5.03,138.36,4829.92,4178.99,650.93
1425.0,40.0,25.0,6.68,114.93,3.56,135.97,4821.01,3568.48,1252.53
1426.0,40.0,25.0,5.94,109.57,2.29,132.63,4813.59,3075.35,1738.24
1427.0,40.0,25.0,5.46,104.34,1.28,128.54,4807.4,2721.98,2085.42
1428.0,40.0,25.0,5.24,99.62,1.0,124.25,4802.25,2588.22,2214.03
1429.0,40.0,25.0,5.26,95.72,1.0,120.05,4797.95,2604.07,2193.88
1430.0,40.0,25.0,5.47,92.82,1.0,116.08,4794.37,2708.45,2085.92
1431.0,40.0,25.0,5.83,90.98,1.31,112.66,4791.39,2933.25,1858.14
1432.0,40.0,25.0,6.28,90.18,1.9,110.03,4788.9,3248.21,1540.69
1433.0,40.0,25.0,6.77,90.31,2.7,108.33,4786.83,3616.48,1170.35
1434.0,40.0,25.0,7.26,91.21,3.63,107.58,4785.1,4000.4,784.7
1435.0,40.0,25.0,7.7,92.67,4.63,107.74,4783.66,4366.17,417.49
1436.0,40.0,25.0,8.07,94.48,5.61,108.67,4782.46,4687.14,95.33
1437.0,40.0,25.0,8.34,96.43,6.51,110.19,4781.47,4945.66,-164.2
1438.0,40.0,25.0,8.52,98.36,7.3,112.12,4780.63,5133.33,-352.7
1439.0,40.0,25.0,8.6,100.09,7.93,114.26,4779.94,5248.96,-469.02
1440.0,40.0,25.0,8.6,101.53,8.39,116.44,4779.36,5298.3,-518.94
1441.0,40.0,25.0,8.52,102.6,8.67,118.53,4778.88,5290.7,-511.82
