time_min,status,inlet_temp,u1_flow,u1_outlet,u2_flow,u2_outlet,carbon_tax,co2_tons,opex
2.0,NORMAL,25.0,7.96,100.82,5.07,118.89,40.0,107.343,4489.11
3.0,NORMAL,25.0,7.9,101.0,5.18,118.58,40.0,106.963,4474.61
4.0,NORMAL,25.0,7.82,101.02,5.32,118.4,40.0,106.57,4459.79
5.0,NORMAL,25.0,7.73,100.9,5.48,118.32,40.0,106.255,4448.4
6.0,NORMAL,25.0,7.66,100.68,5.65,118.31,40.0,106.104,4443.78
7.0,NORMAL,25.0,7.61,100.42,5.82,118.36,40.0,106.17,4448.15
8.0,NORMAL,25.0,7.57,100.14,5.98,118.44,40.0,106.458,4461.64
9.0,NORMAL,25.0,7.56,99.89,6.14,118.57,40.0,106.965,4484.07
10.0,NORMAL,25.0,7.57,99.7,6.28,118.72,40.0,107.636,4513.2
11.0,NORMAL,25.0,7.6,99.57,6.41,118.9,40.0,108.405,4546.23
12.0,NORMAL,25.0,7.63,99.53,6.52,119.1,40.0,109.204,4580.35
13.0,NORMAL,25.0,7.67,99.55,6.61,119.32,40.0,109.946,4611.94
14.0,NORMAL,25.0,7.7,99.63,6.67,119.55,40.0,110.573,4638.59
15.0,NORMAL,25.0,7.73,99.74,6.72,119.78,40.0,111.034,4658.15
16.0,NORMAL,25.0,7.75,99.87,6.74,119.99,40.0,111.308,4669.76
17.0,NORMAL,25.0,7.76,99.99,6.74,120.19,40.0,111.391,4673.24
18.0,NORMAL,25.0,7.77,100.09,6.72,120.36,40.0,111.3,4669.31
19.0,NORMAL,25.0,7.76,100.17,6.69,120.48,40.0,111.066,4659.33
20.0,NORMAL,25.0,7.74,100.21,6.64,120.57,40.0,110.729,4644.9
21.0,NORMAL,25.0,7.73,100.22,6.58,120.61,40.0,110.333,4627.97
22.0,NORMAL,25.0,7.71,100.19,6.52,120.62,40.0,109.923,4610.38
23.0,NORMAL,25.0,7.7,100.15,6.46,120.58,40.0,109.542,4593.98
24.0,NORMAL,25.0,7.68,100.09,6.4,120.51,40.0,109.214,4579.83
25.0,NORMAL,25.0,7.68,100.03,6.35,120.42,40.0,108.966,4569.03
26.0,NORMAL,25.0,7.67,99.98,6.31,120.32,40.0,108.802,4561.82
27.0,NORMAL,25.0,7.68,99.94,6.28,120.21,40.0,108.716,4557.92
28.0,NORMAL,25.0,7.68,99.91,6.26,120.1,40.0,108.702,4557.09
29.0,NORMAL,25.0,7.69,99.9,6.25,120.01,40.0,108.749,4558.95
30.0,NORMAL,25.0,7.7,99.91,6.24,119.93,40.0,108.834,4562.45
31.0,NORMAL,25.0,7.7,99.92,6.25,119.87,40.0,108.936,4566.73
32.0,NORMAL,25.0,7.71,99.94,6.26,119.83,40.0,109.048,4571.51
33.0,NORMAL,25.0,7.71,99.97,6.28,119.81,40.0,109.156,4576.14
34.0,NORMAL,25.0,7.72,100.0,6.3,119.81,40.0,109.244,4579.99
35.0,NORMAL,25.0,7.72,100.02,6.32,119.82,40.0,109.306,4582.77
36.0,NORMAL,25.0,7.71,100.04,6.34,119.84,40.0,109.349,4584.72
37.0,NORMAL,25.0,7.71,100.04,6.35,119.86,40.0,109.368,4585.7
38.0,NORMAL,25.0,7.71,100.05,6.37,119.89,40.0,109.383,4586.43
39.0,NORMAL,25.0,7.7,100.04,6.38,119.92,40.0,109.379,4586.4
40.0,NORMAL,25.0,7.7,100.03,6.39,119.95,40.0,109.375,4586.3
41.0,NORMAL,25.0,7.7,100.02,6.39,119.97,40.0,109.37,4586.12
42.0,NORMAL,25.0,7.7,100.01,6.39,119.99,40.0,109.366,4586.01
43.0,NORMAL,25.0,7.7,99.99,6.4,120.0,40.0,109.364,4585.93
44.0,NORMAL,25.0,7.7,99.99,6.4,120.02,40.0,109.376,4586.4
45.0,NORMAL,25.0,7.7,99.98,6.39,120.02,40.0,109.379,4586.52
46.0,NORMAL,25.0,7.7,99.98,6.39,120.03,40.0,109.39,4586.96
47.0,NORMAL,25.0,7.7,99.98,6.39,120.03,40.0,109.397,4587.22
48.0,NORMAL,25.0,7.7,99.98,6.39,120.03,40.0,109.403,4587.44
49.0,NORMAL,25.0,7.7,99.99,6.38,120.03,40.0,109.409,4587.64
50.0,NORMAL,25.0,7.7,99.99,6.38,120.03,40.0,109.405,4587.47
51.0,NORMAL,25.0,7.71,100.0,6.38,120.03,40.0,109.402,4587.29
52.0,NORMAL,25.0,7.71,100.0,6.37,120.03,40.0,109.389,4586.76
53.0,NORMAL,25.0,7.71,100.01,6.37,120.03,40.0,109.377,4586.23
54.0,NORMAL,25.0,7.7,100.01,6.37,120.02,40.0,109.357,4585.35
55.0,NORMAL,25.0,7.7,100.01,6.37,120.02,40.0,109.341,4584.66
56.0,NORMAL,25.0,7.7,100.01,6.36,120.02,40.0,109.325,4583.98
57.0,NORMAL,25.0,7.7,100.01,6.36,120.01,40.0,109.309,4583.31
58.0,NORMAL,25.0,7.7,100.0,6.36,120.01,40.0,109.297,4582.82
59.0,NORMAL,25.0,7.7,100.0,6.36,120.0,40.0,109.294,4582.68
60.0,NORMAL,25.0,7.7,100.0,6.36,120.0,40.0,109.295,4582.71
61.0,NORMAL,25.0,7.7,100.0,6.36,119.99,40.0,109.295,4582.73
62.0,NORMAL,25.0,7.7,100.0,6.36,119.99,40.0,109.299,4582.9
63.0,NORMAL,25.0,7.7,100.0,6.36,119.99,40.0,109.303,4583.08
64.0,NORMAL,25.0,7.7,99.99,6.36,119.99,40.0,109.307,4583.25
65.0,NORMAL,25.0,7.7,100.0,6.36,119.99,40.0,109.32,4583.77
66.0,NORMAL,25.0,7.7,100.0,6.36,119.99,40.0,109.323,4583.93
67.0,NORMAL,25.0,7.7,100.0,6.37,119.99,40.0,109.327,4584.08
68.0,NORMAL,25.0,7.7,100.0,6.37,119.99,40.0,109.33,4584.24
69.0,NORMAL,25.0,7.7,100.0,6.37,119.99,40.0,109.334,4584.4
70.0,NORMAL,25.0,7.7,100.0,6.37,119.99,40.0,109.337,4584.55
71.0,NORMAL,25.0,7.7,100.0,6.37,119.99,40.0,109.341,4584.71
72.0,NORMAL,25.0,7.7,100.0,6.37,119.99,40.0,109.345,4584.87
73.0,NORMAL,25.0,7.7,100.0,6.37,120.0,40.0,109.348,4585.03
74.0,NORMAL,25.0,7.7,100.0,6.37,120.0,40.0,109.348,4585.03
75.0,NORMAL,25.0,7.7,100.0,6.37,120.0,40.0,109.348,4585.03
76.0,NORMAL,25.0,7.7,100.0,6.37,120.0,40.0,109.348,4585.03
77.0,NORMAL,25.0,7.7,100.0,6.37,120.0,40.0,109.348,4585.03
78.0,NORMAL,25.0,7.7,100.0,6.37,120.0,40.0,109.348,4585.03
79.0,NORMAL,25.0,7.7,100.0,6.37,120.0,40.0,109.348,4585.02
80.0,NORMAL,25.0,7.7,100.0,6.37,120.01,40.0,109.348,4585.02
81.0,NORMAL,25.0,7.7,100.0,6.37,120.01,40.0,109.344,4584.86
82.0,NORMAL,25.0,7.7,100.0,6.37,120.01,40.0,109.341,4584.7
83.0,NORMAL,25.0,7.7,100.0,6.37,120.0,40.0,109.337,4584.54
84.0,NORMAL,25.0,7.7,100.0,6.37,120.0,40.0,109.337,4584.54
85.0,NORMAL,25.0,7.7,100.0,6.37,120.0,40.0,109.337,4584.54
86.0,NORMAL,25.0,7.7,100.0,6.37,120.0,40.0,109.337,4584.54
87.0,NORMAL,25.0,7.7,100.0,6.37,120.0,40.0,109.337,4584.54
88.0,NORMAL,25.0,7.7,100.0,6.37,120.0,40.0,109.337,4584.54
89.0,NORMAL,25.0,7.7,100.0,6.37,120.0,40.0,109.337,4584.54
90.0,NORMAL,25.0,7.7,100.0,6.37,120.0,40.0,109.337,4584.54
91.0,NORMAL,25.0,7.7,100.0,6.37,120.0,40.0,109.337,4584.54
92.0,NORMAL,25.0,7.7,100.0,6.37,120.0,40.0,109.337,4584.54
93.0,NORMAL,25.0,7.7,100.0,6.37,120.0,40.0,109.337,4584.54
94.0,NORMAL,25.0,7.7,100.0,6.37,120.0,40.0,109.337,4584.54
95.0,NORMAL,25.0,7.7,100.0,6.37,120.0,40.0,109.337,4584.54
96.0,NORMAL,25.0,7.7,100.0,6.37,120.0,40.0,109.337,4584.54
97.0,NORMAL,25.0,7.7,100.0,6.37,120.0,40.0,109.337,4584.54
98.0,NORMAL,25.0,7.7,100.0,6.37,120.0,40.0,109.337,4584.54
99.0,NORMAL,25.0,7.7,100.0,6.37,120.0,40.0,109.337,4584.54
100.0,NORMAL,25.0,7.7,100.0,6.37,120.0,40.0,109.337,4584.54
101.0,CRITICAL: U1 FOULING BLOCKAGE DETECTED,25.0,7.7,91.14,6.37,118.89,40.0,50.744,2240.82
102.0,CRITICAL: U1 FOULING BLOCKAGE DETECTED,25.0,7.1,83.48,6.87,117.33,40.0,53.169,2336.3
103.0,CRITICAL: U1 FOULING BLOCKAGE DETECTED,25.0,6.5,76.81,7.37,115.55,40.0,55.609,2432.4
104.0,CRITICAL: U1 FOULING BLOCKAGE DETECTED,25.0,5.9,70.97,7.87,113.73,40.0,58.056,2528.79
105.0,CRITICAL: U1 FOULING BLOCKAGE DETECTED,25.0,5.3,65.82,8.37,112.0,40.0,60.506,2625.3
106.0,CRITICAL: U1 FOULING BLOCKAGE DETECTED,25.0,4.7,61.24,8.87,110.43,40.0,62.959,2721.91
107.0,CRITICAL: U1 FOULING BLOCKAGE DETECTED,25.0,4.1,57.14,9.37,109.08,40.0,65.416,2818.69
108.0,CRITICAL: U1 FOULING BLOCKAGE DETECTED,25.0,3.5,53.44,9.87,107.98,40.0,67.88,2915.76
109.0,CRITICAL: U1 FOULING BLOCKAGE DETECTED,25.0,2.9,50.08,10.37,107.14,40.0,70.356,3013.29
110.0,CRITICAL: U1 FOULING BLOCKAGE DETECTED,25.0,2.3,46.99,10.87,106.58,40.0,72.847,3111.45
111.0,CRITICAL: U1 FOULING BLOCKAGE DETECTED,25.0,1.7,44.13,11.37,106.28,40.0,75.36,3210.46
112.0,CRITICAL: U1 FOULING BLOCKAGE DETECTED,25.0,1.1,41.46,11.87,106.23,40.0,77.899,3310.5
113.0,CRITICAL: U1 FOULING BLOCKAGE DETECTED,25.0,1.0,39.19,12.37,106.46,40.0,81.963,3479.03
114.0,CRITICAL: U1 FOULING BLOCKAGE DETECTED,25.0,1.0,37.3,12.87,106.95,40.0,86.244,3657.79
115.0,CRITICAL: U1 FOULING BLOCKAGE DETECTED,25.0,1.0,35.72,13.37,107.7,40.0,90.421,3832.35
116.0,CRITICAL: U1 FOULING BLOCKAGE DETECTED,25.0,1.0,34.41,13.87,108.69,40.0,94.504,4003.18
117.0,CRITICAL: U1 FOULING BLOCKAGE DETECTED,25.0,1.0,33.31,14.37,109.92,40.0,98.504,4170.69
118.0,CRITICAL: U1 FOULING BLOCKAGE DETECTED,25.0,1.0,32.4,14.87,111.36,40.0,102.431,4335.27
119.0,CRITICAL: U1 FOULING BLOCKAGE DETECTED,25.0,1.0,31.64,15.0,112.64,40.0,103.827,4393.08
120.0,CRITICAL: U1 FOULING BLOCKAGE DETECTED,25.0,1.0,31.01,15.0,113.66,40.0,104.257,4410.26
121.0,CRITICAL: U1 FOULING BLOCKAGE DETECTED,25.0,1.0,30.48,15.0,114.47,40.0,104.614,4424.58
122.0,CRITICAL: U1 FOULING BLOCKAGE DETECTED,25.0,1.0,30.04,15.0,115.12,40.0,104.913,4436.51
123.0,CRITICAL: U1 FOULING BLOCKAGE DETECTED,25.0,1.0,29.67,15.0,115.63,40.0,105.161,4446.45
124.0,CRITICAL: U1 FOULING BLOCKAGE DETECTED,25.0,1.0,29.37,15.0,116.04,40.0,105.368,4454.73
125.0,CRITICAL: U1 FOULING BLOCKAGE DETECTED,25.0,1.0,29.11,15.0,116.36,40.0,105.541,4461.64
126.0,CRITICAL: U1 FOULING BLOCKAGE DETECTED,25.0,1.0,28.9,15.0,116.62,40.0,105.685,4467.39
127.0,CRITICAL: U1 FOULING BLOCKAGE DETECTED,25.0,1.0,28.72,15.0,116.82,40.0,105.805,4472.18
128.0,CRITICAL: U1 FOULING BLOCKAGE DETECTED,25.0,1.0,28.58,15.0,116.97,40.0,105.904,4476.18
129.0,CRITICAL: U1 FOULING BLOCKAGE DETECTED,25.0,1.0,28.45,15.0,117.09,40.0,105.988,4479.51
130.0,CRITICAL: U1 FOULING BLOCKAGE DETECTED,25.0,1.0,28.35,15.0,117.19,40.0,106.057,4482.28
131.0,CRITICAL: U1 FOULING BLOCKAGE DETECTED,25.0,1.0,28.27,15.0,117.26,40.0,106.115,4484.59
132.0,CRITICAL: U1 FOULING BLOCKAGE DETECTED,25.0,1.0,28.2,15.0,117.32,40.0,106.163,4486.52
133.0,CRITICAL: U1 FOULING BLOCKAGE DETECTED,25.0,1.0,28.14,15.0,117.36,40.0,106.203,4488.13
134.0,CRITICAL: U1 FOULING BLOCKAGE DETECTED,25.0,1.0,28.09,15.0,117.39,40.0,106.237,4489.46
135.0,CRITICAL: U1 FOULING BLOCKAGE DETECTED,25.0,1.0,28.05,15.0,117.42,40.0,106.264,4490.58
136.0,CRITICAL: U1 FOULING BLOCKAGE DETECTED,25.0,1.0,28.01,15.0,117.43,40.0,106.288,4491.51
137.0,CRITICAL: U1 FOULING BLOCKAGE DETECTED,25.0,1.0,27.98,15.0,117.45,40.0,106.307,4492.28
138.0,CRITICAL: U1 FOULING BLOCKAGE DETECTED,25.0,1.0,27.96,15.0,117.46,40.0,106.323,4492.93
139.0,CRITICAL: U1 FOULING BLOCKAGE DETECTED,25.0,1.0,27.94,15.0,117.46,40.0,106.337,4493.47
140.0,NORMAL,25.0,1.0,29.07,15.0,117.54,40.0,113.507,4780.26
141.0,NORMAL,25.0,6.67,39.22,15.0,118.31,40.0,170.215,7133.71
142.0,NORMAL,25.0,11.54,55.58,15.0,120.07,40.0,213.622,8942.92
143.0,NORMAL,25.0,15.0,74.82,14.99,122.84,40.0,239.353,10024.03
144.0,NORMAL,25.0,15.0,90.86,14.71,126.09,40.0,227.343,9539.37
145.0,NORMAL,25.0,15.0,104.23,14.1,129.44,40.0,216.375,9091.49
146.0,NORMAL,25.0,14.66,114.82,13.16,132.61,40.0,203.055,8539.48
147.0,NORMAL,25.0,13.48,121.72,11.89,135.33,40.0,182.346,7674.4
148.0,NORMAL,25.0,11.74,124.65,10.36,137.31,40.0,157.464,6630.07
149.0,NORMAL,25.0,9.77,123.89,8.63,138.24,40.0,131.331,5529.21
150.0,NORMAL,25.0,7.86,120.15,6.81,137.89,40.0,106.437,4477.41
151.0,NORMAL,25.0,6.24,114.43,5.02,136.13,40.0,84.833,3562.23
152.0,NORMAL,25.0,5.09,107.78,3.4,133.02,40.0,68.139,2852.98
153.0,NORMAL,25.0,4.47,101.23,2.1,128.8,40.0,57.538,2400.05
154.0,NORMAL,25.0,4.37,95.61,1.22,123.95,40.0,53.613,2228.39
155.0,NORMAL,25.0,4.72,91.5,1.0,119.12,40.0,56.884,2361.16
156.0,NORMAL,25.0,5.4,89.18,1.09,114.78,40.0,64.971,2696.14
157.0,NORMAL,25.0,6.26,88.65,1.61,111.38,40.0,76.852,3192.19
158.0,NORMAL,25.0,7.17,89.68,2.47,109.23,40.0,90.47,3763.48
159.0,NORMAL,25.0,8.0,91.88,3.55,108.38,40.0,103.765,4323.8
160.0,NORMAL,25.0,8.65,94.77,4.71,108.74,40.0,115.057,4802.65
161.0,NORMAL,25.0,9.07,97.85,5.84,110.07,40.0,123.268,5154.29
162.0,NORMAL,25.0,9.24,100.7,6.83,112.05,40.0,128.002,5361.12
163.0,NORMAL,25.0,9.18,102.99,7.63,114.38,40.0,129.436,5429.57
164.0,NORMAL,25.0,8.94,104.5,8.19,116.78,40.0,128.151,5382.99
165.0,NORMAL,25.0,8.58,105.18,8.51,119.01,40.0,124.954,5254.56
166.0,NORMAL,25.0,8.17,105.07,8.61,120.91,40.0,120.687,5079.12
167.0,NORMAL,25.0,7.76,104.33,8.52,122.36,40.0,116.121,4889.05
168.0,NORMAL,25.0,7.42,103.14,8.28,123.32,40.0,111.876,4710.49
169.0,NORMAL,25.0,7.17,101.75,7.95,123.8,40.0,108.409,4563.07
170.0,NORMAL,25.0,7.03,100.36,7.57,123.84,40.0,105.971,4457.78
171.0,NORMAL,25.0,7.0,99.15,7.19,123.52,40.0,104.658,4399.05
172.0,NORMAL,25.0,7.06,98.26,6.83,122.97,40.0,104.41,4384.87
173.0,NORMAL,25.0,7.2,97.74,6.54,122.28,40.0,105.026,4407.15
174.0,NORMAL,25.0,7.38,97.6,6.31,121.57,40.0,106.244,4455.17
175.0,NORMAL,25.0,7.58,97.8,6.15,120.92,40.0,107.757,4516.2
176.0,NORMAL,25.0,7.75,98.24,6.06,120.38,40.0,109.265,4577.77
177.0,NORMAL,25.0,7.89,98.85,6.02,119.99,40.0,110.538,4630.26
178.0,NORMAL,25.0,7.99,99.5,6.02,119.74,40.0,111.396,4665.95
179.0,CRITICAL: U1 FOULING BLOCKAGE DETECTED,25.0,8.03,90.88,6.05,118.46,40.0,50.588,2234.61
180.0,CRITICAL: U1 FOULING BLOCKAGE DETECTED,25.0,7.43,83.42,6.55,116.76,40.0,52.849,2323.56
181.0,CRITICAL: U1 FOULING BLOCKAGE DETECTED,25.0,6.83,76.91,7.05,114.87,40.0,55.142,2413.77
182.0,CRITICAL: U1 FOULING BLOCKAGE DETECTED,25.0,6.23,71.21,7.55,112.97,40.0,57.456,2504.83
183.0,CRITICAL: U1 FOULING BLOCKAGE DETECTED,25.0,5.63,66.17,8.05,111.16,40.0,59.785,2596.49
184.0,CRITICAL: U1 FOULING BLOCKAGE DETECTED,25.0,5.03,61.68,8.55,109.53,40.0,62.127,2688.68
185.0,CRITICAL: U1 FOULING BLOCKAGE DETECTED,25.0,4.43,57.67,9.05,108.13,40.0,64.482,2781.39
186.0,CRITICAL: U1 FOULING BLOCKAGE DETECTED,25.0,3.83,54.03,9.55,106.99,40.0,66.853,2874.72
187.0,CRITICAL: U1 FOULING BLOCKAGE DETECTED,25.0,3.23,50.72,10.05,106.11,40.0,69.241,2968.76
188.0,CRITICAL: U1 FOULING BLOCKAGE DETECTED,25.0,2.63,47.68,10.55,105.5,40.0,71.652,3063.69
189.0,CRITICAL: U1 FOULING BLOCKAGE DETECTED,25.0,2.03,44.86,11.05,105.17,40.0,74.089,3159.65
190.0,CRITICAL: U1 FOULING BLOCKAGE DETECTED,25.0,1.43,42.22,11.55,105.09,40.0,76.556,3256.83
191.0,CRITICAL: U1 FOULING BLOCKAGE DETECTED,25.0,1.0,39.82,12.05,105.26,40.0,79.582,3379.02
192.0,CRITICAL: U1 FOULING BLOCKAGE DETECTED,25.0,1.0,37.83,12.55,105.69,40.0,83.882,3558.5
193.0,CRITICAL: U1 FOULING BLOCKAGE DETECTED,25.0,1.0,36.16,13.05,106.39,40.0,88.076,3733.74
194.0,CRITICAL: U1 FOULING BLOCKAGE DETECTED,25.0,1.0,34.78,13.55,107.33,40.0,92.175,3905.2
195.0,CRITICAL: U1 FOULING BLOCKAGE DETECTED,25.0,1.0,33.62,14.05,108.5,40.0,96.189,4073.3
196.0,CRITICAL: U1 FOULING BLOCKAGE DETECTED,25.0,1.0,32.66,14.55,109.88,40.0,100.13,4238.42
197.0,CRITICAL: U1 FOULING BLOCKAGE DETECTED,25.0,1.0,31.85,15.0,111.42,40.0,103.683,4387.34
198.0,CRITICAL: U1 FOULING BLOCKAGE DETECTED,25.0,1.0,31.18,15.0,112.65,40.0,104.137,4405.47
199.0,CRITICAL: U1 FOULING BLOCKAGE DETECTED,25.0,1.0,30.63,15.0,113.65,40.0,104.515,4420.59
200.0,CRITICAL: U1 FOULING BLOCKAGE DETECTED,25.0,1.0,30.16,15.0,114.44,40.0,104.83,4433.18
201.0,CRITICAL: U1 FOULING BLOCKAGE DETECTED,25.0,1.0,29.78,15.0,115.07,40.0,105.092,4443.68
202.0,CRITICAL: U1 FOULING BLOCKAGE DETECTED,25.0,1.0,29.45,15.0,115.58,40.0,105.311,4452.42
203.0,CRITICAL: U1 FOULING BLOCKAGE DETECTED,25.0,1.0,29.18,15.0,115.98,40.0,105.493,4459.71
204.0,CRITICAL: U1 FOULING BLOCKAGE DETECTED,25.0,1.0,28.96,15.0,116.31,40.0,105.645,4465.79
205.0,CRITICAL: U1 FOULING BLOCKAGE DETECTED,25.0,1.0,28.77,15.0,116.56,40.0,105.771,4470.85
206.0,CRITICAL: U1 FOULING BLOCKAGE DETECTED,25.0,1.0,28.62,15.0,116.76,40.0,105.877,4475.06
207.0,CRITICAL: U1 FOULING BLOCKAGE DETECTED,25.0,1.0,28.49,15.0,116.92,40.0,105.964,4478.58
208.0,CRITICAL: U1 FOULING BLOCKAGE DETECTED,25.0,1.0,28.38,15.0,117.05,40.0,106.038,4481.51
209.0,CRITICAL: U1 FOULING BLOCKAGE DETECTED,25.0,1.0,28.29,15.0,117.14,40.0,106.099,4483.95
210.0,CRITICAL: U1 FOULING BLOCKAGE DETECTED,25.0,1.0,28.22,15.0,117.22,40.0,106.15,4485.98
211.0,CRITICAL: U1 FOULING BLOCKAGE DETECTED,25.0,1.0,28.15,15.0,117.28,40.0,106.192,4487.68
212.0,CRITICAL: U1 FOULING BLOCKAGE DETECTED,25.0,1.0,28.1,15.0,117.33,40.0,106.227,4489.09
213.0,CRITICAL: U1 FOULING BLOCKAGE DETECTED,25.0,1.0,28.06,15.0,117.36,40.0,106.257,4490.27
214.0,CRITICAL: U1 FOULING BLOCKAGE DETECTED,25.0,1.0,28.02,15.0,117.39,40.0,106.281,4491.25
215.0,CRITICAL: U1 FOULING BLOCKAGE DETECTED,25.0,1.0,27.99,15.0,117.41,40.0,106.302,4492.07
216.0,CRITICAL: U1 FOULING BLOCKAGE DETECTED,25.0,1.0,27.97,15.0,117.43,40.0,106.319,4492.75
217.0,CRITICAL: U1 FOULING BLOCKAGE DETECTED,25.0,1.0,27.94,15.0,117.44,40.0,106.333,4493.32
218.0,CRITICAL: U1 FOULING BLOCKAGE DETECTED,25.0,1.0,27.93,15.0,117.45,40.0,106.345,4493.79
219.0,CRITICAL: U1 FOULING BLOCKAGE DETECTED,25.0,1.0,27.91,15.0,117.45,40.0,106.355,4494.18
220.0,CRITICAL: U1 FOULING BLOCKAGE DETECTED,25.0,1.0,27.9,15.0,117.46,40.0,106.363,4494.51
221.0,CRITICAL: U1 FOULING BLOCKAGE DETECTED,25.0,1.0,27.89,15.0,117.46,40.0,106.37,4494.79
222.0,CRITICAL: U1 FOULING BLOCKAGE DETECTED,25.0,1.0,27.88,15.0,117.46,40.0,106.375,4495.01
223.0,CRITICAL: U1 FOULING BLOCKAGE DETECTED,25.0,1.0,27.87,15.0,117.46,40.0,106.38,4495.2
224.0,CRITICAL: U1 FOULING BLOCKAGE DETECTED,25.0,1.0,27.87,15.0,117.46,40.0,106.384,4495.36
225.0,CRITICAL: U1 FOULING BLOCKAGE DETECTED,25.0,1.0,27.86,15.0,117.46,40.0,106.387,4495.49
226.0,CRITICAL: U1 FOULING BLOCKAGE DETECTED,25.0,1.0,27.86,15.0,117.46,40.0,106.39,4495.6
227.0,CRITICAL: U1 FOULING BLOCKAGE DETECTED,25.0,1.0,27.86,15.0,117.46,40.0,106.392,4495.7
228.0,CRITICAL: U1 FOULING BLOCKAGE DETECTED,25.0,1.0,27.85,15.0,117.46,40.0,106.394,4495.77
229.0,CRITICAL: U1 FOULING BLOCKAGE DETECTED,25.0,1.0,27.85,15.0,117.46,40.0,106.396,4495.84
230.0,NORMAL,25.0,1.0,29.0,15.0,117.54,40.0,113.556,4782.24
231.0,NORMAL,25.0,6.68,39.17,15.0,118.3,40.0,170.313,7137.7
232.0,NORMAL,25.0,11.55,55.55,15.0,120.06,40.0,213.748,8948.11
233.0,NORMAL,25.0,15.0,74.8,14.99,122.84,40.0,239.374,10024.85
234.0,NORMAL,25.0,15.0,90.84,14.71,126.09,40.0,227.36,9540.05
235.0,NORMAL,25.0,15.0,104.21,14.1,129.43,40.0,216.388,9092.04
236.0,NORMAL,25.0,14.66,114.8,13.16,132.61,40.0,203.085,8540.74
237.0,NORMAL,25.0,13.48,121.71,11.9,135.33,40.0,182.389,7676.21
238.0,NORMAL,25.0,11.74,124.65,10.36,137.3,40.0,157.512,6632.09
239.0,NORMAL,25.0,9.77,123.9,8.63,138.24,40.0,131.38,5531.26
240.0,NORMAL,25.0,7.86,120.17,6.81,137.89,60.0,106.477,6608.64
241.0,NORMAL,25.0,6.19,114.36,4.97,136.11,60.0,84.166,5217.47
242.0,NORMAL,25.0,5.0,107.57,3.31,132.92,60.0,66.82,4133.8
243.0,NORMAL,25.0,4.34,100.85,1.97,128.59,60.0,55.679,3435.35
244.0,NORMAL,25.0,4.22,95.06,1.06,123.59,60.0,51.382,3162.17
245.0,NORMAL,25.0,4.57,90.8,1.0,118.71,60.0,55.217,3396.55
246.0,NORMAL,25.0,5.25,88.36,1.08,114.3,60.0,63.342,3895.52
247.0,NORMAL,25.0,6.13,87.75,1.6,110.84,60.0,75.414,4640.87
248.0,NORMAL,25.0,7.06,88.76,2.47,108.63,60.0,89.334,5502.99
249.0,NORMAL,25.0,7.91,90.98,3.55,107.76,60.0,102.976,6350.57
250.0,NORMAL,25.0,8.59,93.91,4.73,108.11,60.0,114.598,7075.56
251.0,NORMAL,25.0,9.02,97.07,5.87,109.46,60.0,123.092,7608.82
252.0,NORMAL,25.0,9.21,100.0,6.87,111.48,60.0,128.011,7921.81
253.0,NORMAL,25.0,9.16,102.36,7.67,113.85,60.0,129.532,8024.33
254.0,NORMAL,25.0,8.92,103.94,8.24,116.3,60.0,128.25,7952.31
255.0,NORMAL,25.0,8.55,104.66,8.56,118.58,60.0,124.977,7755.28
256.0,NORMAL,25.0,8.13,104.58,8.65,120.51,60.0,120.585,7486.78
257.0,NORMAL,25.0,7.71,103.84,8.55,121.99,60.0,115.862,7195.65
258.0,NORMAL,25.0,7.36,102.64,8.3,122.97,60.0,111.452,6921.97
259.0,NORMAL,25.0,7.1,101.21,7.95,123.44,60.0,107.824,6695.14
260.0,NORMAL,25.0,6.95,99.79,7.56,123.47,60.0,105.263,6533.35
261.0,NORMAL,25.0,6.92,98.54,7.16,123.13,60.0,103.853,6442.34
262.0,NORMAL,25.0,6.98,97.62,6.8,122.54,60.0,103.55,6419.71
263.0,NORMAL,25.0,7.12,97.07,6.49,121.82,60.0,104.152,6453.34
264.0,NORMAL,25.0,7.31,96.92,6.26,121.07,60.0,105.392,6527.06
265.0,NORMAL,25.0,7.5,97.11,6.1,120.39,60.0,106.951,6621.2
266.0,NORMAL,25.0,7.68,97.56,6.02,119.83,60.0,108.526,6717.03
267.0,NORMAL,25.0,7.83,98.18,5.98,119.42,60.0,109.864,6799.03
268.0,NORMAL,25.0,7.93,98.84,5.99,119.18,60.0,110.785,6855.83
269.0,NORMAL,25.0,7.97,99.47,6.02,119.06,60.0,111.212,6882.57
270.0,NORMAL,25.0,7.96,99.97,6.07,119.06,60.0,111.148,6879.26
271.0,NORMAL,25.0,7.91,100.32,6.11,119.12,60.0,110.678,6851.02
272.0,NORMAL,25.0,7.84,100.49,6.15,119.21,60.0,109.921,6805.07
273.0,NORMAL,25.0,7.75,100.48,6.18,119.31,60.0,109.028,6750.55
274.0,NORMAL,25.0,7.66,100.33,6.2,119.37,60.0,108.147,6696.67
275.0,NORMAL,25.0,7.58,100.08,6.21,119.41,60.0,107.407,6651.34
276.0,NORMAL,25.0,7.53,99.78,6.22,119.4,60.0,106.892,6619.68
277.0,NORMAL,25.0,7.49,99.48,6.23,119.36,60.0,106.65,6604.82
278.0,NORMAL,25.0,7.49,99.22,6.24,119.3,60.0,106.681,6606.79
279.0,NORMAL,25.0,7.5,99.02,6.26,119.24,60.0,106.95,6623.4
280.0,NORMAL,25.0,7.53,98.9,6.29,119.19,60.0,107.398,6651.08
281.0,NORMAL,25.0,7.57,98.86,6.32,119.15,60.0,107.948,6685.15
282.0,NORMAL,25.0,7.61,98.89,6.35,119.15,60.0,108.528,6721.11
283.0,NORMAL,25.0,7.65,98.98,6.39,119.18,60.0,109.065,6754.41
284.0,NORMAL,25.0,7.68,99.11,6.42,119.23,60.0,109.499,6781.42
285.0,NORMAL,25.0,7.7,99.25,6.45,119.31,60.0,109.795,6799.86
286.0,NORMAL,25.0,7.71,99.38,6.47,119.4,60.0,109.937,6808.84
287.0,NORMAL,25.0,7.71,99.5,6.48,119.49,60.0,109.937,6808.96
288.0,NORMAL,25.0,7.7,99.57,6.48,119.58,60.0,109.806,6800.99
289.0,NORMAL,25.0,7.68,99.61,6.47,119.66,60.0,109.591,6787.73
290.0,NORMAL,25.0,7.66,99.61,6.45,119.71,60.0,109.322,6771.06
291.0,NORMAL,25.0,7.64,99.58,6.43,119.74,60.0,109.043,6753.76
292.0,NORMAL,25.0,7.63,99.53,6.41,119.75,60.0,108.787,6737.79
293.0,NORMAL,25.0,7.62,99.47,6.38,119.73,60.0,108.575,6724.52
294.0,NORMAL,25.0,7.61,99.4,6.36,119.7,60.0,108.425,6715.05
295.0,NORMAL,25.0,7.61,99.34,6.34,119.65,60.0,108.346,6709.99
296.0,NORMAL,25.0,7.61,99.3,6.33,119.6,60.0,108.335,6709.14
297.0,NORMAL,25.0,7.61,99.28,6.32,119.55,60.0,108.374,6711.38
298.0,NORMAL,25.0,7.62,99.27,6.31,119.5,60.0,108.443,6715.6
299.0,NORMAL,25.0,7.63,99.27,6.31,119.47,60.0,108.536,6721.27
300.0,NORMAL,25.0,7.64,99.29,6.31,119.44,60.0,108.636,6727.43
301.0,NORMAL,25.0,7.65,99.32,6.32,119.42,60.0,108.726,6733.06
302.0,NORMAL,25.0,7.65,99.35,6.33,119.41,60.0,108.796,6737.45
303.0,NORMAL,25.0,7.65,99.37,6.34,119.42,60.0,108.844,6740.46
304.0,NORMAL,25.0,7.65,99.4,6.35,119.43,60.0,108.87,6742.2
305.0,NORMAL,25.0,7.65,99.41,6.35,119.44,60.0,108.869,6742.17
306.0,NORMAL,25.0,7.65,99.42,6.36,119.46,60.0,108.857,6741.49
307.0,NORMAL,25.0,7.64,99.42,6.36,119.47,60.0,108.83,6739.92
308.0,NORMAL,25.0,7.64,99.42,6.37,119.49,60.0,108.802,6738.22
309.0,NORMAL,25.0,7.64,99.41,6.37,119.5,60.0,108.768,6736.14
310.0,NORMAL,25.0,7.63,99.4,6.37,119.51,60.0,108.74,6734.44
311.0,NORMAL,25.0,7.63,99.38,6.37,119.51,60.0,108.718,6733.06
312.0,NORMAL,25.0,7.63,99.37,6.36,119.51,60.0,108.714,6732.76
313.0,NORMAL,25.0,7.63,99.36,6.36,119.51,60.0,108.717,6732.96
314.0,NORMAL,25.0,7.63,99.36,6.36,119.51,60.0,108.729,6733.66
315.0,NORMAL,25.0,7.63,99.35,6.36,119.51,60.0,108.739,6734.3
316.0,NORMAL,25.0,7.64,99.35,6.36,119.5,60.0,108.758,6735.42
317.0,NORMAL,25.0,7.64,99.36,6.36,119.5,60.0,108.779,6736.73
318.0,NORMAL,25.0,7.64,99.36,6.36,119.5,60.0,108.791,6737.47
319.0,NORMAL,25.0,7.64,99.37,6.36,119.5,60.0,108.803,6738.18
320.0,NORMAL,25.0,7.64,99.38,6.36,119.5,60.0,108.806,6738.36
321.0,NORMAL,25.0,7.64,99.38,6.36,119.5,60.0,108.8,6738.01
322.0,NORMAL,25.0,7.64,99.38,6.36,119.51,60.0,108.795,6737.68
323.0,NORMAL,25.0,7.64,99.39,6.36,119.51,60.0,108.786,6737.14
324.0,NORMAL,25.0,7.64,99.38,6.36,119.51,60.0,108.769,6736.09
325.0,NORMAL,25.0,7.64,99.38,6.36,119.51,60.0,108.761,6735.6
326.0,NORMAL,25.0,7.64,99.38,6.36,119.51,60.0,108.753,6735.12
327.0,NORMAL,25.0,7.64,99.38,6.36,119.5,60.0,108.746,6734.64
328.0,NORMAL,25.0,7.64,99.38,6.36,119.5,60.0,108.742,6734.41
329.0,NORMAL,25.0,7.64,99.38,6.36,119.5,60.0,108.738,6734.18
330.0,NORMAL,25.0,7.64,99.37,6.36,119.5,60.0,108.735,6733.95
331.0,NORMAL,25.0,7.64,99.37,6.36,119.5,60.0,108.739,6734.25
332.0,NORMAL,25.0,7.64,99.37,6.36,119.5,60.0,108.744,6734.54
333.0,NORMAL,25.0,7.64,99.37,6.36,119.49,60.0,108.749,6734.81
334.0,NORMAL,25.0,7.64,99.37,6.36,119.49,60.0,108.757,6735.31
335.0,NORMAL,25.0,7.64,99.37,6.36,119.49,60.0,108.764,6735.8
336.0,NORMAL,25.0,7.64,99.37,6.36,119.5,60.0,108.772,6736.28
337.0,NORMAL,25.0,7.64,99.38,6.36,119.5,60.0,108.776,6736.52
338.0,NORMAL,25.0,7.64,99.38,6.36,119.5,60.0,108.771,6736.22
339.0,NORMAL,25.0,7.64,99.38,6.36,119.5,60.0,108.767,6735.95
340.0,NORMAL,25.0,7.64,99.38,6.36,119.5,60.0,108.762,6735.68
341.0,NORMAL,25.0,7.64,99.38,6.36,119.5,60.0,108.758,6735.42
342.0,NORMAL,25.0,7.64,99.37,6.36,119.5,60.0,108.754,6735.17
343.0,NORMAL,25.0,7.64,99.37,6.36,119.5,60.0,108.759,6735.46
344.0,NORMAL,25.0,7.64,99.37,6.36,119.5,60.0,108.763,6735.73
345.0,NORMAL,25.0,7.64,99.37,6.36,119.5,60.0,108.767,6735.99
346.0,NORMAL,25.0,7.64,99.38,6.36,119.5,60.0,108.771,6736.24
347.0,NORMAL,25.0,7.64,99.38,6.36,119.5,60.0,108.767,6735.96
348.0,NORMAL,25.0,7.64,99.38,6.36,119.5,60.0,108.762,6735.69
349.0,NORMAL,25.0,7.64,99.38,6.36,119.5,60.0,108.758,6735.43
350.0,NORMAL,25.0,7.64,99.37,6.36,119.5,60.0,108.754,6735.18
351.0,NORMAL,25.0,7.64,99.37,6.36,119.5,60.0,108.759,6735.47
352.0,NORMAL,25.0,7.64,99.37,6.36,119.5,60.0,108.763,6735.74
353.0,NORMAL,25.0,7.64,99.37,6.36,119.5,60.0,108.767,6736.0
354.0,NORMAL,25.0,7.64,99.38,6.36,119.5,60.0,108.772,6736.25
355.0,NORMAL,25.0,7.64,99.38,6.36,119.5,60.0,108.767,6735.97
356.0,NORMAL,25.0,7.64,99.38,6.36,119.5,60.0,108.763,6735.7
357.0,NORMAL,25.0,7.64,99.37,6.36,119.5,60.0,108.758,6735.44
358.0,NORMAL,25.0,7.64,99.37,6.36,119.5,60.0,108.763,6735.71
359.0,NORMAL,25.0,7.64,99.38,6.36,119.5,60.0,108.767,6735.98
360.0,NORMAL,25.0,7.64,99.38,6.36,119.5,60.0,108.763,6735.7
361.0,NORMAL,25.0,7.64,99.37,6.36,119.5,60.0,108.758,6735.44
362.0,NORMAL,25.0,7.64,99.37,6.36,119.5,60.0,108.763,6735.72
363.0,NORMAL,25.0,7.64,99.38,6.36,119.5,60.0,108.767,6735.98
364.0,NORMAL,25.0,7.64,99.38,6.36,119.5,60.0,108.763,6735.71
365.0,NORMAL,25.0,7.64,99.37,6.36,119.5,60.0,108.758,6735.45
366.0,NORMAL,25.0,7.64,99.37,6.36,119.5,60.0,108.763,6735.72
367.0,NORMAL,25.0,7.64,99.38,6.36,119.5,60.0,108.767,6735.98
368.0,NORMAL,25.0,7.64,99.37,6.36,119.5,60.0,108.763,6735.71
369.0,NORMAL,25.0,7.64,99.38,6.36,119.5,60.0,108.767,6735.98
370.0,NORMAL,25.0,7.64,99.38,6.36,119.5,60.0,108.763,6735.7
371.0,NORMAL,25.0,7.64,99.37,6.36,119.5,60.0,108.758,6735.44
372.0,NORMAL,25.0,7.64,99.37,6.36,119.5,60.0,108.763,6735.72
373.0,NORMAL,25.0,7.64,99.38,6.36,119.5,60.0,108.767,6735.98
374.0,NORMAL,25.0,7.64,99.38,6.36,119.5,60.0,108.763,6735.71
375.0,NORMAL,25.0,7.64,99.37,6.36,119.5,60.0,108.758,6735.45
376.0,NORMAL,25.0,7.64,99.37,6.36,119.5,60.0,108.763,6735.72
377.0,NORMAL,25.0,7.64,99.38,6.36,119.5,60.0,108.767,6735.98
378.0,CRITICAL: U1 FOULING BLOCKAGE DETECTED,25.0,7.64,90.59,6.36,118.4,60.0,50.653,3249.1
379.0,CRITICAL: U1 FOULING BLOCKAGE DETECTED,25.0,7.04,82.99,6.86,116.85,60.0,53.067,3392.46
380.0,CRITICAL: U1 FOULING BLOCKAGE DETECTED,25.0,6.44,76.38,7.36,115.1,60.0,55.498,3536.83
381.0,CRITICAL: U1 FOULING BLOCKAGE DETECTED,25.0,5.84,70.58,7.86,113.3,60.0,57.937,3681.68
382.0,CRITICAL: U1 FOULING BLOCKAGE DETECTED,25.0,5.24,65.46,8.36,111.59,60.0,60.381,3826.8
383.0,CRITICAL: U1 FOULING BLOCKAGE DETECTED,25.0,4.64,60.91,8.86,110.05,60.0,62.828,3972.12
384.0,CRITICAL: U1 FOULING BLOCKAGE DETECTED,25.0,4.04,56.84,9.36,108.72,60.0,65.28,4117.76
385.0,CRITICAL: U1 FOULING BLOCKAGE DETECTED,25.0,3.44,53.16,9.86,107.64,60.0,67.74,4263.87
386.0,CRITICAL: U1 FOULING BLOCKAGE DETECTED,25.0,2.84,49.81,10.36,106.83,60.0,70.213,4410.72
387.0,CRITICAL: U1 FOULING BLOCKAGE DETECTED,25.0,2.24,46.73,10.86,106.28,60.0,72.702,4558.58
388.0,CRITICAL: U1 FOULING BLOCKAGE DETECTED,25.0,1.64,43.89,11.36,106.0,60.0,75.213,4707.74
389.0,CRITICAL: U1 FOULING BLOCKAGE DETECTED,25.0,1.04,41.23,11.86,105.97,60.0,77.751,4858.49
390.0,CRITICAL: U1 FOULING BLOCKAGE DETECTED,25.0,1.0,39.0,12.36,106.21,60.0,82.007,5120.78
391.0,CRITICAL: U1 FOULING BLOCKAGE DETECTED,25.0,1.0,37.14,12.86,106.72,60.0,86.273,5384.26
392.0,CRITICAL: U1 FOULING BLOCKAGE DETECTED,25.0,1.0,35.59,13.36,107.49,60.0,90.436,5641.55
393.0,CRITICAL: U1 FOULING BLOCKAGE DETECTED,25.0,1.0,34.3,13.86,108.5,60.0,94.508,5893.34
394.0,CRITICAL: U1 FOULING BLOCKAGE DETECTED,25.0,1.0,33.22,14.36,109.75,60.0,98.498,6140.26
395.0,CRITICAL: U1 FOULING BLOCKAGE DETECTED,25.0,1.0,32.32,14.86,111.2,60.0,102.417,6382.87
396.0,CRITICAL: U1 FOULING BLOCKAGE DETECTED,25.0,1.0,31.58,15.0,112.5,60.0,103.871,6472.25
397.0,CRITICAL: U1 FOULING BLOCKAGE DETECTED,25.0,1.0,30.95,15.0,113.54,60.0,104.293,6497.58
398.0,CRITICAL: U1 FOULING BLOCKAGE DETECTED,25.0,1.0,30.44,15.0,114.37,60.0,104.645,6518.69
399.0,CRITICAL: U1 FOULING BLOCKAGE DETECTED,25.0,1.0,30.0,15.0,115.03,60.0,104.938,6536.28
400.0,CRITICAL: U1 FOULING BLOCKAGE DETECTED,25.0,1.0,29.64,15.0,115.56,60.0,105.182,6550.94
401.0,CRITICAL: U1 FOULING BLOCKAGE DETECTED,25.0,1.0,29.34,15.0,115.98,60.0,105.386,6563.15
402.0,CRITICAL: U1 FOULING BLOCKAGE DETECTED,25.0,1.0,29.09,15.0,116.31,60.0,105.556,6573.33
403.0,CRITICAL: U1 FOULING BLOCKAGE DETECTED,25.0,1.0,28.88,15.0,116.57,60.0,105.697,6581.81
404.0,CRITICAL: U1 FOULING BLOCKAGE DETECTED,25.0,1.0,28.71,15.0,116.78,60.0,105.815,6588.88
405.0,CRITICAL: U1 FOULING BLOCKAGE DETECTED,25.0,1.0,28.56,15.0,116.94,60.0,105.913,6594.78
406.0,CRITICAL: U1 FOULING BLOCKAGE DETECTED,25.0,1.0,28.44,15.0,117.06,60.0,105.995,6599.68
407.0,CRITICAL: U1 FOULING BLOCKAGE DETECTED,25.0,1.0,28.34,15.0,117.16,60.0,106.063,6603.78
408.0,CRITICAL: U1 FOULING BLOCKAGE DETECTED,25.0,1.0,28.26,15.0,117.24,60.0,106.12,6607.18
409.0,CRITICAL: U1 FOULING BLOCKAGE DETECTED,25.0,1.0,28.19,15.0,117.3,60.0,106.167,6610.03
410.0,CRITICAL: U1 FOULING BLOCKAGE DETECTED,25.0,1.0,28.13,15.0,117.34,60.0,106.207,6612.39
411.0,CRITICAL: U1 FOULING BLOCKAGE DETECTED,25.0,1.0,28.08,15.0,117.38,60.0,106.239,6614.37
412.0,CRITICAL: U1 FOULING BLOCKAGE DETECTED,25.0,1.0,28.04,15.0,117.4,60.0,106.267,6616.01
413.0,CRITICAL: U1 FOULING BLOCKAGE DETECTED,25.0,1.0,28.01,15.0,117.42,60.0,106.29,6617.38
414.0,CRITICAL: U1 FOULING BLOCKAGE DETECTED,25.0,1.0,27.98,15.0,117.44,60.0,106.309,6618.52
415.0,CRITICAL: U1 FOULING BLOCKAGE DETECTED,25.0,1.0,27.96,15.0,117.45,60.0,106.325,6619.47
416.0,NORMAL,25.0,1.0,29.09,15.0,117.53,60.0,113.497,7049.79
417.0,NORMAL,25.0,6.62,39.15,15.0,118.3,60.0,169.685,10505.43
418.0,NORMAL,25.0,11.44,55.36,15.0,120.04,60.0,212.692,13158.12
419.0,NORMAL,25.0,14.96,74.58,14.95,122.77,60.0,238.867,14780.63
420.0,CRITICAL: U1 FOULING BLOCKAGE DETECTED,25.0,15.0,73.42,14.62,124.74,60.0,119.436,7610.42
421.0,CRITICAL: U1 FOULING BLOCKAGE DETECTED,25.0,14.4,72.16,15.0,126.56,60.0,120.159,7650.55
422.0,CRITICAL: U1 FOULING BLOCKAGE DETECTED,25.0,13.8,70.84,15.0,127.99,60.0,119.099,7577.92
423.0,CRITICAL: U1 FOULING BLOCKAGE DETECTED,25.0,13.2,69.44,15.0,129.09,60.0,118.081,7507.84
424.0,CRITICAL: U1 FOULING BLOCKAGE DETECTED,25.0,12.6,68.0,15.0,129.9,60.0,117.098,7439.87
425.0,CRITICAL: U1 FOULING BLOCKAGE DETECTED,25.0,12.0,66.51,15.0,130.47,60.0,116.145,7373.67
426.0,CRITICAL: U1 FOULING BLOCKAGE DETECTED,25.0,11.4,64.99,15.0,130.85,60.0,115.216,7308.94
427.0,CRITICAL: U1 FOULING BLOCKAGE DETECTED,25.0,10.8,63.44,15.0,131.05,60.0,114.307,7245.44
428.0,CRITICAL: U1 FOULING BLOCKAGE DETECTED,25.0,10.2,61.86,15.0,131.12,60.0,113.416,7182.96
429.0,CRITICAL: U1 FOULING BLOCKAGE DETECTED,25.0,9.6,60.26,15.0,131.06,60.0,112.539,7121.34
430.0,CRITICAL: U1 FOULING BLOCKAGE DETECTED,25.0,9.0,58.64,15.0,130.9,60.0,111.674,7060.42
431.0,CRITICAL: U1 FOULING BLOCKAGE DETECTED,25.0,8.4,57.01,15.0,130.66,60.0,110.818,7000.09
432.0,CRITICAL: U1 FOULING BLOCKAGE DETECTED,25.0,7.8,55.37,15.0,130.34,60.0,109.971,6940.26
433.0,CRITICAL: U1 FOULING BLOCKAGE DETECTED,25.0,7.2,53.71,15.0,129.97,60.0,109.131,6880.83
434.0,CRITICAL: U1 FOULING BLOCKAGE DETECTED,25.0,6.6,52.05,15.0,129.54,60.0,108.296,6821.75
435.0,CRITICAL: U1 FOULING BLOCKAGE DETECTED,25.0,6.0,50.38,15.0,129.07,60.0,107.466,6762.96
436.0,CRITICAL: U1 FOULING BLOCKAGE DETECTED,25.0,5.4,48.71,15.0,128.56,60.0,106.64,6704.4
437.0,CRITICAL: U1 FOULING BLOCKAGE DETECTED,25.0,4.8,47.03,15.0,128.03,60.0,105.817,6646.04
438.0,CRITICAL: U1 FOULING BLOCKAGE DETECTED,25.0,4.2,45.35,15.0,127.46,60.0,104.997,6587.84
439.0,CRITICAL: U1 FOULING BLOCKAGE DETECTED,25.0,3.6,43.66,15.0,126.88,60.0,104.18,6529.78
440.0,CRITICAL: U1 FOULING BLOCKAGE DETECTED,25.0,3.0,41.97,15.0,126.28,60.0,103.364,6471.84
441.0,CRITICAL: U1 FOULING BLOCKAGE DETECTED,25.0,2.4,40.28,15.0,125.66,60.0,102.55,6413.99
442.0,CRITICAL: U1 FOULING BLOCKAGE DETECTED,25.0,1.8,38.58,15.0,125.03,60.0,101.737,6356.23
443.0,CRITICAL: U1 FOULING BLOCKAGE DETECTED,25.0,1.2,36.89,15.0,124.38,60.0,100.925,6298.52
444.0,CRITICAL: U1 FOULING BLOCKAGE DETECTED,25.0,1.0,35.38,15.0,123.74,60.0,101.294,6317.62
445.0,CRITICAL: U1 FOULING BLOCKAGE DETECTED,25.0,1.0,34.12,15.0,123.13,60.0,102.145,6368.72
446.0,CRITICAL: U1 FOULING BLOCKAGE DETECTED,25.0,1.0,33.08,15.0,122.54,60.0,102.855,6411.31
447.0,CRITICAL: U1 FOULING BLOCKAGE DETECTED,25.0,1.0,32.2,15.0,121.99,60.0,103.447,6446.8
448.0,CRITICAL: U1 FOULING BLOCKAGE DETECTED,25.0,1.0,31.48,15.0,121.48,60.0,103.939,6476.37
449.0,CRITICAL: U1 FOULING BLOCKAGE DETECTED,25.0,1.0,30.87,15.0,121.02,60.0,104.35,6501.01
450.0,NORMAL,25.0,1.0,31.51,15.0,120.68,60.0,111.851,6951.07
451.0,NORMAL,25.0,6.43,40.86,14.88,120.92,60.0,165.615,10256.59
452.0,NORMAL,25.0,11.11,56.25,14.74,122.08,60.0,206.934,12803.78
453.0,NORMAL,25.0,14.56,74.67,14.48,124.16,60.0,232.099,14361.55
454.0,NORMAL,25.0,15.0,90.73,14.02,126.78,60.0,224.633,13913.21
455.0,NORMAL,25.0,15.0,104.12,13.29,129.6,60.0,213.658,13243.81
456.0,NORMAL,25.0,14.62,114.66,12.28,132.36,60.0,200.094,12409.1
457.0,NORMAL,25.0,13.4,121.46,10.99,134.75,60.0,179.217,11118.84
458.0,NORMAL,25.0,11.63,124.26,9.47,136.46,60.0,154.186,9567.62
459.0,NORMAL,25.0,9.64,123.36,7.77,137.15,60.0,127.92,7936.35
460.0,NORMAL,25.0,7.72,119.5,6.01,136.59,60.0,102.948,6382.77
461.0,NORMAL,25.0,6.11,113.66,4.3,134.63,60.0,81.365,5038.04
462.0,NORMAL,25.0,4.97,106.95,2.78,131.35,60.0,64.868,4008.36
463.0,NORMAL,25.0,4.36,100.37,1.6,127.02,60.0,54.641,3367.85
464.0,NORMAL,25.0,4.28,94.76,1.0,122.2,60.0,51.847,3190.04
465.0,NORMAL,25.0,4.65,90.68,1.0,117.53,60.0,56.168,3454.88
466.0,NORMAL,25.0,5.35,88.41,1.2,113.4,60.0,64.881,3991.05
467.0,NORMAL,25.0,6.22,87.95,1.81,110.24,60.0,77.274,4756.93
468.0,NORMAL,25.0,7.14,89.04,2.73,108.34,60.0,91.234,5622.1
469.0,NORMAL,25.0,7.97,91.29,3.85,107.73,60.0,104.694,6458.88
470.0,NORMAL,25.0,8.61,94.22,5.03,108.3,60.0,115.996,7164.31
471.0,NORMAL,25.0,9.02,97.33,6.15,109.8,60.0,124.095,7673.26
472.0,NORMAL,25.0,9.19,100.19,7.12,111.91,60.0,128.634,7962.58
473.0,NORMAL,25.0,9.12,102.46,7.88,114.33,60.0,129.831,8044.83
474.0,NORMAL,25.0,8.88,103.95,8.39,116.78,60.0,128.31,7957.62
475.0,NORMAL,25.0,8.51,104.61,8.66,119.02,60.0,124.888,7750.88
476.0,NORMAL,25.0,8.09,104.47,8.71,120.9,60.0,120.412,7476.76
477.0,NORMAL,25.0,7.68,103.69,8.57,122.32,60.0,115.667,7183.83
478.0,NORMAL,25.0,7.34,102.49,8.29,123.22,60.0,111.278,6911.09
479.0,NORMAL,25.0,7.09,101.08,7.92,123.62,60.0,107.686,6686.3
480.0,NORMAL,25.0,6.95,99.68,7.51,123.57,60.0,105.162,6526.61
481.0,NORMAL,25.0,6.93,98.48,7.1,123.18,60.0,103.797,6438.26
482.0,NORMAL,25.0,7.0,97.59,6.73,122.54,60.0,103.514,6416.8
483.0,NORMAL,25.0,7.14,97.09,6.43,121.79,60.0,104.129,6451.31
484.0,NORMAL,25.0,7.33,96.96,6.2,121.02,60.0,105.355,6524.16
485.0,NORMAL,25.0,7.52,97.17,6.05,120.32,60.0,106.893,6617.04
486.0,NORMAL,25.0,7.7,97.63,5.96,119.75,60.0,108.439,6711.21
487.0,NORMAL,25.0,7.84,98.24,5.94,119.34,60.0,109.746,6791.38
488.0,NORMAL,25.0,7.93,98.9,5.95,119.1,60.0,110.646,6847.0
489.0,NORMAL,25.0,7.96,99.5,6.0,118.99,60.0,111.054,6872.63
490.0,NORMAL,25.0,7.95,99.99,6.05,118.99,60.0,110.993,6869.61
491.0,NORMAL,25.0,7.9,100.32,6.1,119.06,60.0,110.536,6842.18
492.0,NORMAL,25.0,7.83,100.48,6.14,119.16,60.0,109.805,6797.86
493.0,NORMAL,25.0,7.74,100.46,6.18,119.25,60.0,108.941,6745.22
494.0,NORMAL,25.0,7.65,100.3,6.2,119.33,60.0,108.102,6693.93
495.0,NORMAL,25.0,7.58,100.05,6.22,119.37,60.0,107.404,6651.2
496.0,NORMAL,25.0,7.53,99.76,6.23,119.37,60.0,106.929,6622.08
497.0,NORMAL,25.0,7.5,99.46,6.24,119.34,60.0,106.715,6608.95
498.0,NORMAL,25.0,7.49,99.2,6.26,119.3,60.0,106.77,6612.39
499.0,NORMAL,25.0,7.5,99.01,6.28,119.24,60.0,107.054,6629.96
500.0,NORMAL,25.0,7.53,98.9,6.31,119.2,60.0,107.509,6658.06
501.0,NORMAL,25.0,7.57,98.87,6.34,119.17,60.0,108.054,6691.78
502.0,NORMAL,25.0,7.61,98.9,6.37,119.17,60.0,108.616,6726.64
503.0,NORMAL,25.0,7.65,99.0,6.4,119.2,60.0,109.136,6758.88
504.0,NORMAL,25.0,7.68,99.13,6.43,119.26,60.0,109.545,6784.33
505.0,NORMAL,25.0,7.7,99.26,6.45,119.34,60.0,109.812,6801.02
506.0,NORMAL,25.0,7.71,99.39,6.47,119.43,60.0,109.936,6808.81
507.0,NORMAL,25.0,7.71,99.5,6.48,119.52,60.0,109.917,6807.76
508.0,NORMAL,25.0,7.7,99.57,6.48,119.6,60.0,109.776,6799.15
509.0,NORMAL,25.0,7.68,99.61,6.47,119.67,60.0,109.555,6785.49
510.0,NORMAL,25.0,7.66,99.6,6.45,119.72,60.0,109.283,6768.63
511.0,NORMAL,25.0,7.64,99.57,6.43,119.74,60.0,109.01,6751.67
512.0,NORMAL,25.0,7.63,99.52,6.4,119.75,60.0,108.763,6736.23
513.0,NORMAL,25.0,7.62,99.46,6.38,119.73,60.0,108.56,6723.48
514.0,NORMAL,25.0,7.61,99.4,6.35,119.69,60.0,108.417,6714.51
515.0,NORMAL,25.0,7.61,99.35,6.34,119.64,60.0,108.342,6709.64
516.0,NORMAL,25.0,7.61,99.3,6.32,119.59,60.0,108.325,6708.47
517.0,NORMAL,25.0,7.62,99.28,6.31,119.54,60.0,108.367,6710.93
518.0,NORMAL,25.0,7.62,99.27,6.31,119.49,60.0,108.44,6715.37
519.0,NORMAL,25.0,7.63,99.27,6.31,119.46,60.0,108.536,6721.28
520.0,NORMAL,25.0,7.64,99.29,6.31,119.43,60.0,108.639,6727.67
521.0,NORMAL,25.0,7.65,99.32,6.32,119.42,60.0,108.733,6733.52
522.0,NORMAL,25.0,7.65,99.35,6.33,119.41,60.0,108.804,6737.91
523.0,NORMAL,25.0,7.65,99.38,6.34,119.42,60.0,108.851,6740.91
524.0,NORMAL,25.0,7.65,99.4,6.35,119.43,60.0,108.869,6742.12
525.0,NORMAL,25.0,7.65,99.41,6.35,119.44,60.0,108.868,6742.12
526.0,NORMAL,25.0,7.65,99.42,6.36,119.46,60.0,108.856,6741.45
527.0,NORMAL,25.0,7.64,99.42,6.36,119.47,60.0,108.83,6739.89
528.0,NORMAL,25.0,7.64,99.42,6.37,119.49,60.0,108.802,6738.2
529.0,NORMAL,25.0,7.64,99.41,6.37,119.5,60.0,108.768,6736.13
530.0,NORMAL,25.0,7.63,99.4,6.37,119.51,60.0,108.74,6734.43
531.0,NORMAL,25.0,7.63,99.38,6.37,119.51,60.0,108.718,6733.06
532.0,NORMAL,25.0,7.63,99.37,6.36,119.51,60.0,108.714,6732.76
533.0,NORMAL,25.0,7.63,99.36,6.36,119.51,60.0,108.717,6732.97
534.0,NORMAL,25.0,7.63,99.35,6.36,119.51,60.0,108.729,6733.66
535.0,NORMAL,25.0,7.64,99.35,6.36,119.51,60.0,108.748,6734.84
536.0,NORMAL,25.0,7.64,99.35,6.36,119.51,60.0,108.766,6735.95
537.0,NORMAL,25.0,7.64,99.36,6.36,119.5,60.0,108.784,6737.01
538.0,NORMAL,25.0,7.64,99.36,6.36,119.5,60.0,108.795,6737.73
539.0,NORMAL,25.0,7.64,99.37,6.36,119.5,60.0,108.807,6738.44
540.0,NORMAL,25.0,7.64,99.38,6.36,119.5,60.0,108.81,6738.6
541.0,NORMAL,25.0,7.64,99.38,6.36,119.51,60.0,108.804,6738.25
542.0,NORMAL,25.0,7.64,99.39,6.36,119.51,60.0,108.795,6737.68
543.0,NORMAL,25.0,7.64,99.39,6.36,119.51,60.0,108.777,6736.61
544.0,NORMAL,25.0,7.64,99.39,6.36,119.51,60.0,108.761,6735.58
545.0,NORMAL,25.0,7.64,99.38,6.36,119.51,60.0,108.744,6734.57
546.0,NORMAL,25.0,7.64,99.38,6.35,119.5,60.0,108.737,6734.12
547.0,NORMAL,25.0,7.64,99.38,6.35,119.5,60.0,108.734,6733.9
548.0,NORMAL,25.0,7.64,99.37,6.35,119.5,60.0,108.73,6733.68
549.0,NORMAL,25.0,7.64,99.37,6.35,119.5,60.0,108.735,6734.0
550.0,NORMAL,25.0,7.64,99.37,6.35,119.5,60.0,108.74,6734.29
551.0,NORMAL,25.0,7.64,99.37,6.35,119.49,60.0,108.745,6734.57
552.0,NORMAL,25.0,7.64,99.37,6.36,119.49,60.0,108.753,6735.08
553.0,NORMAL,25.0,7.64,99.37,6.36,119.49,60.0,108.761,6735.57
554.0,NORMAL,25.0,7.64,99.37,6.36,119.49,60.0,108.768,6736.05
555.0,NORMAL,25.0,7.64,99.37,6.36,119.5,60.0,108.776,6736.53
556.0,NORMAL,25.0,7.64,99.38,6.36,119.5,60.0,108.78,6736.76
557.0,NORMAL,25.0,7.64,99.38,6.36,119.5,60.0,108.775,6736.47
558.0,NORMAL,25.0,7.64,99.38,6.36,119.5,60.0,108.77,6736.19
559.0,NORMAL,25.0,7.64,99.38,6.36,119.5,60.0,108.766,6735.92
560.0,NORMAL,25.0,7.64,99.38,6.36,119.5,60.0,108.762,6735.66
561.0,NORMAL,25.0,7.64,99.37,6.36,119.5,60.0,108.758,6735.41
562.0,NORMAL,25.0,7.64,99.37,6.36,119.5,60.0,108.762,6735.7
563.0,NORMAL,25.0,7.64,99.37,6.36,119.5,60.0,108.767,6735.97
564.0,NORMAL,25.0,7.64,99.37,6.36,119.5,60.0,108.771,6736.23
565.0,NORMAL,25.0,7.64,99.38,6.36,119.5,60.0,108.775,6736.48
566.0,NORMAL,25.0,7.64,99.38,6.36,119.5,60.0,108.771,6736.2
567.0,NORMAL,25.0,7.64,99.38,6.36,119.5,60.0,108.766,6735.93
568.0,NORMAL,25.0,7.64,99.38,6.36,119.5,60.0,108.762,6735.67
569.0,NORMAL,25.0,7.64,99.37,6.36,119.5,60.0,108.758,6735.42
570.0,NORMAL,25.0,7.64,99.37,6.36,119.5,60.0,108.762,6735.7
571.0,NORMAL,25.0,7.64,99.37,6.36,119.5,60.0,108.767,6735.97
572.0,NORMAL,25.0,7.64,99.37,6.36,119.5,60.0,108.771,6736.23
573.0,NORMAL,25.0,7.64,99.38,6.36,119.5,60.0,108.775,6736.48
574.0,NORMAL,25.0,7.64,99.38,6.36,119.5,60.0,108.771,6736.2
575.0,NORMAL,25.0,7.64,99.38,6.36,119.5,60.0,108.766,6735.93
576.0,NORMAL,25.0,7.64,99.37,6.36,119.5,60.0,108.762,6735.67
577.0,NORMAL,25.0,7.64,99.37,6.36,119.5,60.0,108.766,6735.95
578.0,NORMAL,25.0,7.64,99.38,6.36,119.5,60.0,108.771,6736.21
579.0,NORMAL,25.0,7.64,99.38,6.36,119.5,60.0,108.766,6735.94
580.0,NORMAL,25.0,7.64,99.37,6.36,119.5,60.0,108.762,6735.68
581.0,NORMAL,25.0,7.64,99.37,6.36,119.5,60.0,108.767,6735.95
582.0,NORMAL,25.0,7.64,99.38,6.36,119.5,60.0,108.771,6736.22
583.0,NORMAL,25.0,7.64,99.38,6.36,119.5,60.0,108.766,6735.94
584.0,NORMAL,25.0,7.64,99.37,6.36,119.5,60.0,108.762,6735.68
585.0,NORMAL,25.0,7.64,99.37,6.36,119.5,60.0,108.767,6735.95
586.0,NORMAL,25.0,7.64,99.38,6.36,119.5,60.0,108.771,6736.22
587.0,NORMAL,25.0,7.64,99.37,6.36,119.5,60.0,108.766,6735.94
588.0,NORMAL,25.0,7.64,99.38,6.36,119.5,60.0,108.771,6736.21
589.0,NORMAL,25.0,7.64,99.38,6.36,119.5,60.0,108.766,6735.94
590.0,NORMAL,25.0,7.64,99.37,6.36,119.5,60.0,108.762,6735.68
591.0,NORMAL,25.0,7.64,99.37,6.36,119.5,60.0,108.767,6735.95
592.0,NORMAL,25.0,7.64,99.38,6.36,119.5,60.0,108.771,6736.21
593.0,NORMAL,25.0,7.64,99.38,6.36,119.5,60.0,108.766,6735.94
594.0,NORMAL,25.0,7.64,99.37,6.36,119.5,60.0,108.762,6735.68
595.0,NORMAL,25.0,7.64,99.37,6.36,119.5,60.0,108.767,6735.95
596.0,NORMAL,25.0,7.64,99.38,6.36,119.5,60.0,108.771,6736.22
597.0,NORMAL,25.0,7.64,99.37,6.36,119.5,60.0,108.766,6735.94
598.0,NORMAL,25.0,7.64,99.38,6.36,119.5,60.0,108.771,6736.21
599.0,NORMAL,25.0,7.64,99.38,6.36,119.5,60.0,108.766,6735.94
600.0,NORMAL,25.0,7.64,99.37,6.36,119.5,60.0,108.762,6735.68
601.0,NORMAL,25.0,7.64,99.37,6.36,119.5,60.0,108.766,6735.95
602.0,NORMAL,25.0,7.64,99.38,6.36,119.5,60.0,108.771,6736.21
603.0,NORMAL,25.0,7.64,99.38,6.36,119.5,60.0,108.766,6735.94
604.0,NORMAL,25.0,7.64,99.37,6.36,119.5,60.0,108.762,6735.68
605.0,NORMAL,25.0,7.64,99.37,6.36,119.5,60.0,108.767,6735.95
606.0,NORMAL,25.0,7.64,99.38,6.36,119.5,60.0,108.771,6736.22
607.0,NORMAL,25.0,7.64,99.37,6.36,119.5,60.0,108.766,6735.94
608.0,NORMAL,25.0,7.64,99.38,6.36,119.5,60.0,108.771,6736.21
609.0,NORMAL,25.0,7.64,99.38,6.36,119.5,60.0,108.766,6735.94
610.0,NORMAL,25.0,7.64,99.37,6.36,119.5,60.0,108.762,6735.68
611.0,NORMAL,25.0,7.64,99.37,6.36,119.5,60.0,108.766,6735.95
612.0,NORMAL,25.0,7.64,99.38,6.36,119.5,60.0,108.771,6736.21
613.0,NORMAL,25.0,7.64,99.38,6.36,119.5,60.0,108.766,6735.94
614.0,NORMAL,25.0,7.64,99.37,6.36,119.5,60.0,108.762,6735.68
615.0,NORMAL,25.0,7.64,99.37,6.36,119.5,60.0,108.767,6735.95
616.0,NORMAL,25.0,7.64,99.38,6.36,119.5,60.0,108.771,6736.22
617.0,NORMAL,25.0,7.64,99.37,6.36,119.5,60.0,108.766,6735.94
618.0,NORMAL,25.0,7.64,99.38,6.36,119.5,60.0,108.771,6736.21
619.0,NORMAL,25.0,7.64,99.38,6.36,119.5,60.0,108.766,6735.94
620.0,NORMAL,25.0,7.64,99.37,6.36,119.5,60.0,108.762,6735.68
621.0,NORMAL,25.0,7.64,99.37,6.36,119.5,60.0,108.766,6735.95
622.0,NORMAL,25.0,7.64,99.38,6.36,119.5,60.0,108.771,6736.21
623.0,NORMAL,25.0,7.64,99.38,6.36,119.5,60.0,108.766,6735.94
624.0,NORMAL,25.0,7.64,99.37,6.36,119.5,60.0,108.762,6735.68
625.0,NORMAL,25.0,7.64,99.37,6.36,119.5,60.0,108.767,6735.95
626.0,NORMAL,25.0,7.64,99.38,6.36,119.5,60.0,108.771,6736.22
627.0,NORMAL,25.0,7.64,99.37,6.36,119.5,60.0,108.766,6735.94
628.0,NORMAL,25.0,7.64,99.38,6.36,119.5,60.0,108.771,6736.21
629.0,NORMAL,25.0,7.64,99.38,6.36,119.5,60.0,108.766,6735.94
630.0,NORMAL,25.0,7.64,99.37,6.36,119.5,60.0,108.762,6735.68
631.0,NORMAL,25.0,7.64,99.37,6.36,119.5,60.0,108.766,6735.95
632.0,NORMAL,25.0,7.64,99.38,6.36,119.5,60.0,108.771,6736.21
633.0,NORMAL,25.0,7.64,99.38,6.36,119.5,60.0,108.766,6735.94
634.0,NORMAL,25.0,7.64,99.37,6.36,119.5,60.0,108.762,6735.68
635.0,NORMAL,25.0,7.64,99.37,6.36,119.5,60.0,108.767,6735.95
636.0,NORMAL,25.0,7.64,99.38,6.36,119.5,60.0,108.771,6736.22
637.0,NORMAL,25.0,7.64,99.37,6.36,119.5,60.0,108.766,6735.94
638.0,NORMAL,25.0,7.64,99.38,6.36,119.5,60.0,108.771,6736.21
639.0,NORMAL,25.0,7.64,99.38,6.36,119.5,60.0,108.766,6735.94
640.0,NORMAL,25.0,7.64,99.37,6.36,119.5,60.0,108.762,6735.68
641.0,NORMAL,25.0,7.64,99.37,6.36,119.5,60.0,108.766,6735.95
642.0,NORMAL,25.0,7.64,99.38,6.36,119.5,60.0,108.771,6736.21
643.0,NORMAL,25.0,7.64,99.38,6.36,119.5,60.0,108.766,6735.94
644.0,NORMAL,25.0,7.64,99.37,6.36,119.5,60.0,108.762,6735.68
645.0,NORMAL,25.0,7.64,99.37,6.36,119.5,60.0,108.767,6735.95
646.0,NORMAL,25.0,7.64,99.38,6.36,119.5,60.0,108.771,6736.22
647.0,NORMAL,25.0,7.64,99.37,6.36,119.5,60.0,108.766,6735.94
648.0,NORMAL,25.0,7.64,99.38,6.36,119.5,60.0,108.771,6736.21
649.0,NORMAL,25.0,7.64,99.38,6.36,119.5,60.0,108.766,6735.94
650.0,NORMAL,25.0,7.64,99.37,6.36,119.5,60.0,108.762,6735.68
651.0,NORMAL,25.0,7.64,99.37,6.36,119.5,60.0,108.766,6735.95
652.0,NORMAL,25.0,7.64,99.38,6.36,119.5,60.0,108.771,6736.21
653.0,NORMAL,25.0,7.64,99.38,6.36,119.5,60.0,108.766,6735.94
654.0,NORMAL,25.0,7.64,99.37,6.36,119.5,60.0,108.762,6735.68
655.0,NORMAL,25.0,7.64,99.37,6.36,119.5,60.0,108.767,6735.95
656.0,NORMAL,25.0,7.64,99.38,6.36,119.5,60.0,108.771,6736.22
657.0,NORMAL,25.0,7.64,99.37,6.36,119.5,60.0,108.766,6735.94
658.0,NORMAL,25.0,7.64,99.38,6.36,119.5,60.0,108.771,6736.21
659.0,NORMAL,25.0,7.64,99.38,6.36,119.5,60.0,108.766,6735.94
660.0,NORMAL,25.0,7.64,99.37,6.36,119.5,60.0,108.762,6735.68
661.0,NORMAL,25.0,7.64,99.37,6.36,119.5,60.0,108.766,6735.95
662.0,NORMAL,25.0,7.64,99.38,6.36,119.5,60.0,108.771,6736.21
663.0,NORMAL,25.0,7.64,99.38,6.36,119.5,60.0,108.766,6735.94
664.0,NORMAL,25.0,7.64,99.37,6.36,119.5,60.0,108.762,6735.68
665.0,NORMAL,25.0,7.64,99.37,6.36,119.5,60.0,108.767,6735.95
666.0,NORMAL,25.0,7.64,99.38,6.36,119.5,60.0,108.771,6736.22
667.0,NORMAL,25.0,7.64,99.37,6.36,119.5,60.0,108.766,6735.94
668.0,NORMAL,25.0,7.64,99.38,6.36,119.5,60.0,108.771,6736.21
669.0,NORMAL,25.0,7.64,99.38,6.36,119.5,60.0,108.766,6735.94
670.0,NORMAL,25.0,7.64,99.37,6.36,119.5,60.0,108.762,6735.68
671.0,NORMAL,25.0,7.64,99.37,6.36,119.5,60.0,108.766,6735.95
672.0,NORMAL,25.0,7.64,99.38,6.36,119.5,60.0,108.771,6736.21
673.0,NORMAL,25.0,7.64,99.38,6.36,119.5,60.0,108.766,6735.94
674.0,NORMAL,25.0,7.64,99.37,6.36,119.5,60.0,108.762,6735.68
675.0,NORMAL,25.0,7.64,99.37,6.36,119.5,60.0,108.767,6735.95
676.0,NORMAL,25.0,7.64,99.38,6.36,119.5,60.0,108.771,6736.22
677.0,NORMAL,25.0,7.64,99.37,6.36,119.5,60.0,108.766,6735.94
678.0,NORMAL,25.0,7.64,99.38,6.36,119.5,60.0,108.771,6736.21
679.0,NORMAL,25.0,7.64,99.38,6.36,119.5,60.0,108.766,6735.94
680.0,NORMAL,25.0,7.64,99.37,6.36,119.5,60.0,108.762,6735.68
681.0,NORMAL,25.0,7.64,99.37,6.36,119.5,60.0,108.766,6735.95
682.0,NORMAL,25.0,7.64,99.38,6.36,119.5,60.0,108.771,6736.21
683.0,NORMAL,25.0,7.64,99.38,6.36,119.5,60.0,108.766,6735.94
684.0,NORMAL,25.0,7.64,99.37,6.36,119.5,60.0,108.762,6735.68
685.0,NORMAL,25.0,7.64,99.37,6.36,119.5,60.0,108.767,6735.95
686.0,NORMAL,25.0,7.64,99.38,6.36,119.5,60.0,108.771,6736.22
687.0,NORMAL,25.0,7.64,99.37,6.36,119.5,60.0,108.766,6735.94
688.0,NORMAL,25.0,7.64,99.38,6.36,119.5,60.0,108.771,6736.21
689.0,NORMAL,25.0,7.64,99.38,6.36,119.5,60.0,108.766,6735.94
690.0,NORMAL,25.0,7.64,99.37,6.36,119.5,60.0,108.762,6735.68
691.0,NORMAL,25.0,7.64,99.37,6.36,119.5,60.0,108.766,6735.95
692.0,NORMAL,25.0,7.64,99.38,6.36,119.5,60.0,108.771,6736.21
693.0,NORMAL,25.0,7.64,99.38,6.36,119.5,60.0,108.766,6735.94
694.0,NORMAL,25.0,7.64,99.37,6.36,119.5,60.0,108.762,6735.68
695.0,NORMAL,25.0,7.64,99.37,6.36,119.5,60.0,108.767,6735.95
696.0,NORMAL,25.0,7.64,99.38,6.36,119.5,60.0,108.771,6736.22
697.0,NORMAL,25.0,7.64,99.37,6.36,119.5,60.0,108.766,6735.94
698.0,NORMAL,25.0,7.64,99.38,6.36,119.5,60.0,108.771,6736.21
699.0,NORMAL,25.0,7.64,99.38,6.36,119.5,60.0,108.766,6735.94
700.0,NORMAL,25.0,7.64,99.37,6.36,119.5,60.0,108.762,6735.68
701.0,NORMAL,25.0,7.64,99.37,6.36,119.5,60.0,108.766,6735.95
702.0,NORMAL,25.0,7.64,99.38,6.36,119.5,60.0,108.771,6736.21
703.0,NORMAL,25.0,7.64,99.38,6.36,119.5,60.0,108.766,6735.94
704.0,NORMAL,25.0,7.64,99.37,6.36,119.5,60.0,108.762,6735.68
705.0,NORMAL,25.0,7.64,99.37,6.36,119.5,60.0,108.767,6735.95
706.0,NORMAL,25.0,7.64,99.38,6.36,119.5,60.0,108.771,6736.22
707.0,NORMAL,25.0,7.64,99.37,6.36,119.5,60.0,108.766,6735.94
708.0,NORMAL,25.0,7.64,99.38,6.36,119.5,60.0,108.771,6736.21
709.0,NORMAL,25.0,7.64,99.38,6.36,119.5,60.0,108.766,6735.94
710.0,NORMAL,25.0,7.64,99.37,6.36,119.5,60.0,108.762,6735.68
711.0,NORMAL,25.0,7.64,99.37,6.36,119.5,60.0,108.766,6735.95
712.0,NORMAL,25.0,7.64,99.38,6.36,119.5,60.0,108.771,6736.21
713.0,NORMAL,25.0,7.64,99.38,6.36,119.5,60.0,108.766,6735.94
714.0,NORMAL,25.0,7.64,99.37,6.36,119.5,60.0,108.762,6735.68
715.0,NORMAL,25.0,7.64,99.37,6.36,119.5,60.0,108.767,6735.95
716.0,NORMAL,25.0,7.64,99.38,6.36,119.5,60.0,108.771,6736.22
717.0,NORMAL,25.0,7.64,99.37,6.36,119.5,60.0,108.766,6735.94
718.0,NORMAL,25.0,7.64,99.38,6.36,119.5,60.0,108.771,6736.21
719.0,NORMAL,25.0,7.64,99.38,6.36,119.5,60.0,108.766,6735.94
720.0,NORMAL,25.0,7.64,99.37,6.36,119.5,60.0,108.762,6735.68
721.0,NORMAL,25.0,7.64,99.37,6.36,119.5,40.0,108.766,4560.62
722.0,NORMAL,25.0,7.69,99.46,6.41,119.54,40.0,109.49,4591.06
723.0,NORMAL,25.0,7.73,99.59,6.45,119.61,40.0,110.101,4616.84
724.0,NORMAL,25.0,7.76,99.76,6.49,119.71,40.0,110.561,4636.32
725.0,NORMAL,25.0,7.78,99.93,6.52,119.83,40.0,110.831,4647.83
726.0,NORMAL,25.0,7.79,100.09,6.54,119.96,40.0,110.91,4651.34
727.0,NORMAL,25.0,7.78,100.2,6.54,120.09,40.0,110.81,4647.28
728.0,NORMAL,25.0,7.77,100.27,6.53,120.19,40.0,110.577,4637.61
729.0,NORMAL,25.0,7.74,100.29,6.52,120.28,40.0,110.26,4624.31
730.0,NORMAL,25.0,7.72,100.28,6.49,120.33,40.0,109.904,4609.32
731.0,NORMAL,25.0,7.7,100.22,6.45,120.35,40.0,109.55,4594.3
732.0,NORMAL,25.0,7.68,100.15,6.42,120.34,40.0,109.247,4581.4
733.0,NORMAL,25.0,7.67,100.07,6.39,120.3,40.0,109.013,4571.34
734.0,NORMAL,25.0,7.66,100.0,6.36,120.24,40.0,108.863,4564.83
735.0,NORMAL,25.0,7.66,99.94,6.33,120.18,40.0,108.794,4561.71
736.0,NORMAL,25.0,7.67,99.89,6.31,120.1,40.0,108.796,4561.56
737.0,NORMAL,25.0,7.68,99.87,6.3,120.04,40.0,108.864,4564.3
738.0,NORMAL,25.0,7.69,99.87,6.3,119.98,40.0,108.967,4568.5
739.0,NORMAL,25.0,7.7,99.88,6.3,119.93,40.0,109.087,4573.47
740.0,NORMAL,25.0,7.71,99.91,6.31,119.9,40.0,109.211,4578.71
741.0,NORMAL,25.0,7.72,99.95,6.32,119.89,40.0,109.318,4583.24
742.0,NORMAL,25.0,7.72,99.98,6.33,119.88,40.0,109.393,4586.44
743.0,NORMAL,25.0,7.72,100.01,6.34,119.89,40.0,109.445,4588.73
744.0,NORMAL,25.0,7.72,100.04,6.35,119.91,40.0,109.468,4589.81
745.0,NORMAL,25.0,7.72,100.06,6.36,119.93,40.0,109.46,4589.58
746.0,NORMAL,25.0,7.71,100.06,6.37,119.95,40.0,109.43,4588.41
747.0,NORMAL,25.0,7.71,100.06,6.37,119.97,40.0,109.395,4587.02
748.0,NORMAL,25.0,7.7,100.05,6.38,119.98,40.0,109.355,4585.39
749.0,NORMAL,25.0,7.7,100.03,6.38,120.0,40.0,109.322,4584.03
750.0,NORMAL,25.0,7.7,100.02,6.38,120.01,40.0,109.3,4583.11
751.0,NORMAL,25.0,7.69,100.0,6.38,120.01,40.0,109.283,4582.39
752.0,NORMAL,25.0,7.69,99.99,6.38,120.01,40.0,109.283,4582.39
753.0,NORMAL,25.0,7.7,99.98,6.38,120.01,40.0,109.291,4582.72
754.0,NORMAL,25.0,7.7,99.97,6.37,120.01,40.0,109.307,4583.36
755.0,NORMAL,25.0,7.7,99.97,6.37,120.01,40.0,109.331,4584.33
756.0,NORMAL,25.0,7.7,99.97,6.37,120.01,40.0,109.353,4585.24
757.0,NORMAL,25.0,7.7,99.98,6.37,120.01,40.0,109.374,4586.12
758.0,NORMAL,25.0,7.71,99.99,6.37,120.0,40.0,109.386,4586.61
759.0,NORMAL,25.0,7.71,100.0,6.37,120.01,40.0,109.393,4586.89
760.0,NORMAL,25.0,7.71,100.0,6.37,120.01,40.0,109.388,4586.65
761.0,NORMAL,25.0,7.71,100.01,6.37,120.01,40.0,109.382,4586.43
762.0,NORMAL,25.0,7.71,100.01,6.37,120.01,40.0,109.369,4585.86
763.0,NORMAL,25.0,7.7,100.01,6.37,120.01,40.0,109.356,4585.31
764.0,NORMAL,25.0,7.7,100.01,6.37,120.01,40.0,109.343,4584.78
765.0,NORMAL,25.0,7.7,100.01,6.36,120.01,40.0,109.331,4584.27
766.0,NORMAL,25.0,7.7,100.01,6.36,120.0,40.0,109.319,4583.77
767.0,NORMAL,25.0,7.7,100.01,6.36,120.0,40.0,109.311,4583.43
768.0,NORMAL,25.0,7.7,100.0,6.36,120.0,40.0,109.303,4583.11
769.0,NORMAL,25.0,7.7,100.0,6.36,120.0,40.0,109.304,4583.15
770.0,NORMAL,25.0,7.7,100.0,6.36,120.0,40.0,109.305,4583.18
771.0,NORMAL,25.0,7.7,99.99,6.36,119.99,40.0,109.306,4583.21
772.0,NORMAL,25.0,7.7,99.99,6.36,119.99,40.0,109.319,4583.75
773.0,NORMAL,25.0,7.7,99.99,6.37,119.99,40.0,109.331,4584.27
774.0,NORMAL,25.0,7.7,100.0,6.37,119.99,40.0,109.343,4584.78
775.0,NORMAL,25.0,7.7,100.0,6.37,119.99,40.0,109.346,4584.92
776.0,NORMAL,25.0,7.7,100.0,6.37,120.0,40.0,109.349,4585.06
777.0,NORMAL,25.0,7.7,100.0,6.37,120.0,40.0,109.349,4585.05
778.0,NORMAL,25.0,7.7,100.0,6.37,120.0,40.0,109.349,4585.04
779.0,NORMAL,25.0,7.7,100.0,6.37,120.0,40.0,109.349,4585.03
780.0,NORMAL,25.0,7.7,100.0,6.37,120.0,40.0,109.348,4585.02
781.0,NORMAL,25.0,7.7,100.0,6.37,120.0,40.0,109.348,4585.02
782.0,NORMAL,25.0,7.7,100.0,6.37,120.0,40.0,109.348,4585.01
783.0,NORMAL,25.0,7.7,100.0,6.37,120.0,40.0,109.348,4585.01
784.0,NORMAL,25.0,7.7,100.0,6.37,120.0,40.0,109.348,4585.0
785.0,NORMAL,25.0,7.7,100.0,6.37,120.0,40.0,109.348,4585.0
786.0,NORMAL,25.0,7.7,100.0,6.37,120.01,40.0,109.348,4585.0
787.0,NORMAL,25.0,7.7,100.0,6.37,120.01,40.0,109.344,4584.84
788.0,NORMAL,25.0,7.7,100.0,6.37,120.0,40.0,109.341,4584.67
789.0,NORMAL,25.0,7.7,100.0,6.37,120.0,40.0,109.34,4584.67
790.0,NORMAL,25.0,7.7,100.0,6.37,120.0,40.0,109.34,4584.67
791.0,NORMAL,25.0,7.7,100.01,6.37,120.0,40.0,109.34,4584.67
792.0,NORMAL,25.0,7.7,100.0,6.37,120.0,40.0,109.332,4584.31
793.0,NORMAL,25.0,7.7,100.0,6.37,120.0,40.0,109.332,4584.33
794.0,NORMAL,25.0,7.7,100.0,6.37,120.0,40.0,109.332,4584.34
795.0,NORMAL,25.0,7.7,100.0,6.37,120.0,40.0,109.333,4584.34
796.0,NORMAL,25.0,7.7,100.0,6.37,120.0,40.0,109.333,4584.35
797.0,NORMAL,25.0,7.7,100.0,6.37,120.0,40.0,109.333,4584.36
798.0,NORMAL,25.0,7.7,100.0,6.37,120.0,40.0,109.333,4584.36
799.0,NORMAL,25.0,7.7,100.0,6.37,120.0,40.0,109.333,4584.36
800.0,NORMAL,25.0,7.7,100.0,6.37,120.0,40.0,109.333,4584.37
801.0,NORMAL,25.0,7.7,100.0,6.37,120.0,40.0,109.333,4584.37
802.0,NORMAL,25.0,7.7,100.0,6.37,120.0,40.0,109.333,4584.37
803.0,NORMAL,25.0,7.7,100.0,6.37,120.0,40.0,109.333,4584.37
804.0,NORMAL,25.0,7.7,100.0,6.37,120.0,40.0,109.333,4584.38
805.0,NORMAL,25.0,7.7,100.0,6.37,120.0,40.0,109.333,4584.38
806.0,NORMAL,25.0,7.7,100.0,6.37,120.0,40.0,109.333,4584.38
807.0,NORMAL,25.0,7.7,100.0,6.37,120.0,40.0,109.333,4584.38
808.0,NORMAL,25.0,7.7,100.0,6.37,120.0,40.0,109.333,4584.38
809.0,NORMAL,25.0,7.7,100.0,6.37,120.0,40.0,109.334,4584.38
810.0,NORMAL,25.0,7.7,100.0,6.37,120.0,40.0,109.334,4584.38
811.0,NORMAL,25.0,7.7,100.0,6.37,120.0,40.0,109.334,4584.38
812.0,NORMAL,25.0,7.7,100.0,6.37,120.0,40.0,109.334,4584.38
813.0,NORMAL,25.0,7.7,100.0,6.37,120.0,40.0,109.334,4584.38
814.0,NORMAL,25.0,7.7,100.0,6.37,120.0,40.0,109.334,4584.38
815.0,NORMAL,25.0,7.7,100.0,6.37,120.0,40.0,109.334,4584.38
816.0,NORMAL,25.0,7.7,100.0,6.37,120.0,40.0,109.334,4584.38
817.0,NORMAL,25.0,7.7,100.0,6.37,120.0,40.0,109.334,4584.38
818.0,NORMAL,25.0,7.7,100.0,6.37,120.0,40.0,109.334,4584.38
819.0,NORMAL,25.0,7.7,100.0,6.37,120.0,40.0,109.334,4584.38
820.0,NORMAL,25.0,7.7,100.0,6.37,120.0,40.0,109.334,4584.38
821.0,NORMAL,25.0,7.7,100.0,6.37,120.0,40.0,109.334,4584.38
822.0,NORMAL,25.0,7.7,100.0,6.37,120.0,40.0,109.334,4584.38
823.0,NORMAL,25.0,7.7,100.0,6.37,120.0,40.0,109.334,4584.38
824.0,NORMAL,25.0,7.7,100.0,6.37,120.0,40.0,109.334,4584.38
825.0,NORMAL,25.0,7.7,100.0,6.37,120.0,40.0,109.334,4584.38
826.0,NORMAL,25.0,7.7,100.0,6.37,120.0,40.0,109.334,4584.38
827.0,NORMAL,25.0,7.7,100.0,6.37,120.0,40.0,109.334,4584.38
828.0,NORMAL,25.0,7.7,100.0,6.37,120.0,40.0,109.334,4584.38
829.0,NORMAL,25.0,7.7,100.0,6.37,120.0,40.0,109.334,4584.38
830.0,NORMAL,25.0,7.7,100.0,6.37,120.0,40.0,109.334,4584.38
831.0,NORMAL,25.0,7.7,100.0,6.37,120.0,40.0,109.334,4584.38
832.0,NORMAL,25.0,7.7,100.0,6.37,120.0,40.0,109.334,4584.38
833.0,NORMAL,25.0,7.7,100.0,6.37,120.0,40.0,109.334,4584.38
834.0,NORMAL,25.0,7.7,100.0,6.37,120.0,40.0,109.334,4584.38
835.0,NORMAL,25.0,7.7,100.0,6.37,120.0,40.0,109.334,4584.38
836.0,NORMAL,25.0,7.7,100.0,6.37,120.0,40.0,109.334,4584.38
837.0,NORMAL,25.0,7.7,100.0,6.37,120.0,40.0,109.334,4584.38
838.0,NORMAL,25.0,7.7,100.0,6.37,120.0,40.0,109.334,4584.38
839.0,NORMAL,25.0,7.7,100.0,6.37,120.0,40.0,109.334,4584.38
840.0,NORMAL,25.0,7.7,100.0,6.37,120.0,40.0,109.334,4584.38
841.0,NORMAL,25.0,7.7,100.0,6.37,120.0,40.0,109.334,4584.38
842.0,NORMAL,25.0,7.7,100.0,6.37,120.0,40.0,109.334,4584.38
843.0,NORMAL,25.0,7.7,100.0,6.37,120.0,40.0,109.334,4584.38
844.0,NORMAL,25.0,7.7,100.0,6.37,120.0,40.0,109.334,4584.38
845.0,NORMAL,25.0,7.7,100.0,6.37,120.0,40.0,109.334,4584.38
846.0,NORMAL,25.0,7.7,100.0,6.37,120.0,40.0,109.334,4584.38
847.0,NORMAL,25.0,7.7,100.0,6.37,120.0,40.0,109.334,4584.38
848.0,NORMAL,25.0,7.7,100.0,6.37,120.0,40.0,109.334,4584.38
849.0,NORMAL,25.0,7.7,100.0,6.37,120.0,40.0,109.334,4584.38
850.0,NORMAL,25.0,7.7,100.0,6.37,120.0,40.0,109.334,4584.38
851.0,NORMAL,25.0,7.7,100.0,6.37,120.0,40.0,109.334,4584.38
852.0,NORMAL,25.0,7.7,100.0,6.37,120.0,40.0,109.334,4584.38
853.0,CRITICAL: U1 FOULING BLOCKAGE DETECTED,25.0,7.7,91.14,6.37,118.89,40.0,50.74,2240.65
854.0,CRITICAL: U1 FOULING BLOCKAGE DETECTED,25.0,7.1,83.48,6.87,117.33,40.0,53.164,2336.11
855.0,CRITICAL: U1 FOULING BLOCKAGE DETECTED,25.0,6.5,76.81,7.37,115.55,40.0,55.604,2432.2
856.0,CRITICAL: U1 FOULING BLOCKAGE DETECTED,25.0,5.9,70.97,7.87,113.73,40.0,58.051,2528.57
857.0,CRITICAL: U1 FOULING BLOCKAGE DETECTED,25.0,5.3,65.82,8.37,112.0,40.0,60.501,2625.08
858.0,CRITICAL: U1 FOULING BLOCKAGE DETECTED,25.0,4.7,61.24,8.87,110.43,40.0,62.954,2721.69
859.0,CRITICAL: U1 FOULING BLOCKAGE DETECTED,25.0,4.1,57.14,9.37,109.08,40.0,65.41,2818.46
860.0,CRITICAL: U1 FOULING BLOCKAGE DETECTED,25.0,3.5,53.44,9.87,107.98,40.0,67.874,2915.52
861.0,CRITICAL: U1 FOULING BLOCKAGE DETECTED,25.0,2.9,50.08,10.37,107.14,40.0,70.35,3013.04
862.0,CRITICAL: U1 FOULING BLOCKAGE DETECTED,25.0,2.3,46.99,10.87,106.57,40.0,72.841,3111.2
863.0,CRITICAL: U1 FOULING BLOCKAGE DETECTED,25.0,1.7,44.13,11.37,106.27,40.0,75.354,3210.2
864.0,CRITICAL: U1 FOULING BLOCKAGE DETECTED,25.0,1.1,41.46,11.87,106.23,40.0,77.892,3310.24
865.0,CRITICAL: U1 FOULING BLOCKAGE DETECTED,25.0,1.0,39.19,12.37,106.45,40.0,81.956,3478.76
866.0,CRITICAL: U1 FOULING BLOCKAGE DETECTED,25.0,1.0,37.3,12.87,106.94,40.0,86.238,3657.52
867.0,CRITICAL: U1 FOULING BLOCKAGE DETECTED,25.0,1.0,35.72,13.37,107.69,40.0,90.414,3832.08
868.0,CRITICAL: U1 FOULING BLOCKAGE DETECTED,25.0,1.0,34.41,13.87,108.69,40.0,94.497,4002.9
869.0,CRITICAL: U1 FOULING BLOCKAGE DETECTED,25.0,1.0,33.31,14.37,109.92,40.0,98.498,4170.41
870.0,CRITICAL: U1 FOULING BLOCKAGE DETECTED,25.0,1.0,32.4,14.87,111.36,40.0,102.425,4334.99
871.0,CRITICAL: U1 FOULING BLOCKAGE DETECTED,25.0,1.0,31.64,15.0,112.63,40.0,103.827,4393.08
872.0,CRITICAL: U1 FOULING BLOCKAGE DETECTED,25.0,1.0,31.01,15.0,113.65,40.0,104.257,4410.26
873.0,CRITICAL: U1 FOULING BLOCKAGE DETECTED,25.0,1.0,30.48,15.0,114.47,40.0,104.614,4424.58
874.0,CRITICAL: U1 FOULING BLOCKAGE DETECTED,25.0,1.0,30.04,15.0,115.11,40.0,104.913,4436.51
875.0,CRITICAL: U1 FOULING BLOCKAGE DETECTED,25.0,1.0,29.67,15.0,115.63,40.0,105.161,4446.45
876.0,CRITICAL: U1 FOULING BLOCKAGE DETECTED,25.0,1.0,29.37,15.0,116.04,40.0,105.368,4454.73
877.0,CRITICAL: U1 FOULING BLOCKAGE DETECTED,25.0,1.0,29.11,15.0,116.36,40.0,105.541,4461.64
878.0,CRITICAL: U1 FOULING BLOCKAGE DETECTED,25.0,1.0,28.9,15.0,116.62,40.0,105.685,4467.39
879.0,CRITICAL: U1 FOULING BLOCKAGE DETECTED,25.0,1.0,28.72,15.0,116.82,40.0,105.805,4472.18
880.0,CRITICAL: U1 FOULING BLOCKAGE DETECTED,25.0,1.0,28.58,15.0,116.97,40.0,105.904,4476.18
881.0,CRITICAL: U1 FOULING BLOCKAGE DETECTED,25.0,1.0,28.45,15.0,117.09,40.0,105.988,4479.51
882.0,CRITICAL: U1 FOULING BLOCKAGE DETECTED,25.0,1.0,28.35,15.0,117.19,40.0,106.057,4482.28
883.0,NORMAL,25.0,1.0,29.42,15.0,117.34,40.0,113.274,4770.94
884.0,NORMAL,25.0,6.65,39.47,15.0,118.15,40.0,169.738,7114.2
885.0,NORMAL,25.0,11.49,55.7,15.0,119.95,40.0,213.001,8917.35
886.0,NORMAL,25.0,15.0,74.92,15.0,122.76,40.0,239.317,10022.69
887.0,NORMAL,25.0,15.0,90.95,14.72,126.03,40.0,227.347,9539.74
888.0,NORMAL,25.0,15.0,104.3,14.12,129.41,40.0,216.401,9092.86
889.0,NORMAL,25.0,14.66,114.87,13.18,132.6,40.0,203.033,8538.88
890.0,NORMAL,25.0,13.47,121.74,11.92,135.34,40.0,182.29,7672.4
891.0,NORMAL,25.0,11.73,124.65,10.39,137.32,40.0,157.397,6627.58
892.0,NORMAL,25.0,9.76,123.87,8.65,138.25,40.0,131.27,5526.93
893.0,NORMAL,25.0,7.85,120.13,6.83,137.91,40.0,106.398,4476.02
894.0,NORMAL,25.0,6.24,114.39,5.04,136.15,40.0,84.811,3561.53
895.0,NORMAL,25.0,5.08,107.74,3.42,133.03,40.0,68.15,2853.61
896.0,NORMAL,25.0,4.46,101.2,2.12,128.82,40.0,57.584,2402.11
897.0,NORMAL,25.0,4.37,95.59,1.24,123.97,40.0,53.681,2231.34
898.0,NORMAL,25.0,4.72,91.49,1.0,119.13,40.0,56.912,2362.3
899.0,NORMAL,25.0,5.4,89.17,1.09,114.78,40.0,65.003,2697.46
900.0,NORMAL,25.0,6.27,88.65,1.61,111.39,40.0,76.893,3193.87
901.0,NORMAL,25.0,7.18,89.69,2.47,109.23,40.0,90.506,3764.95
902.0,NORMAL,25.0,8.0,91.89,3.55,108.39,40.0,103.791,4324.88
903.0,NORMAL,25.0,8.65,94.78,4.71,108.75,40.0,115.07,4803.16
904.0,NORMAL,25.0,9.07,97.87,5.83,110.07,40.0,123.268,5154.25
905.0,NORMAL,25.0,9.24,100.71,6.83,112.05,40.0,127.985,5360.36
906.0,NORMAL,25.0,9.18,103.0,7.62,114.38,40.0,129.411,5428.48
907.0,NORMAL,25.0,8.94,104.51,8.18,116.78,40.0,128.118,5381.6
908.0,NORMAL,25.0,8.58,105.18,8.51,119.01,40.0,124.914,5252.86
909.0,NORMAL,25.0,8.17,105.07,8.6,120.9,40.0,120.648,5077.49
910.0,NORMAL,25.0,7.76,104.32,8.51,122.36,40.0,116.087,4887.6
911.0,NORMAL,25.0,7.42,103.13,8.28,123.32,40.0,111.851,4709.43
912.0,NORMAL,25.0,7.16,101.74,7.95,123.79,40.0,108.392,4562.36
913.0,NORMAL,25.0,7.03,100.35,7.57,123.83,40.0,105.967,4457.56
914.0,NORMAL,25.0,7.0,99.15,7.18,123.51,40.0,104.665,4399.32
915.0,NORMAL,25.0,7.07,98.26,6.83,122.96,40.0,104.42,4385.27
916.0,NORMAL,25.0,7.2,97.74,6.54,122.27,40.0,105.039,4407.7
917.0,NORMAL,25.0,7.39,97.6,6.31,121.56,40.0,106.261,4455.86
918.0,NORMAL,25.0,7.58,97.8,6.15,120.91,40.0,107.777,4517.04
919.0,NORMAL,25.0,7.75,98.25,6.06,120.38,40.0,109.288,4578.76
920.0,NORMAL,25.0,7.89,98.85,6.03,119.99,40.0,110.552,4630.88
921.0,NORMAL,25.0,7.99,99.5,6.03,119.75,40.0,111.41,4666.57
922.0,NORMAL,25.0,8.03,100.11,6.05,119.64,40.0,111.783,4682.47
923.0,NORMAL,25.0,8.02,100.6,6.09,119.63,40.0,111.679,4678.72
924.0,NORMAL,25.0,7.97,100.93,6.12,119.68,40.0,111.182,4658.67
925.0,NORMAL,25.0,7.89,101.09,6.16,119.76,40.0,110.419,4627.53
926.0,NORMAL,25.0,7.81,101.08,6.18,119.84,40.0,109.531,4591.04
927.0,NORMAL,25.0,7.72,100.93,6.2,119.89,40.0,108.662,4555.22
928.0,NORMAL,25.0,7.65,100.68,6.21,119.91,40.0,107.936,4525.24
929.0,NORMAL,25.0,7.59,100.39,6.22,119.9,40.0,107.441,4504.76
930.0,NORMAL,25.0,7.56,100.09,6.23,119.85,40.0,107.21,4495.21
931.0,NORMAL,25.0,7.55,99.84,6.24,119.79,40.0,107.256,4497.17
932.0,NORMAL,25.0,7.57,99.64,6.26,119.72,40.0,107.531,4508.65
933.0,NORMAL,25.0,7.6,99.53,6.29,119.67,40.0,107.988,4527.78
934.0,NORMAL,25.0,7.63,99.49,6.32,119.64,40.0,108.539,4550.89
935.0,NORMAL,25.0,7.67,99.53,6.36,119.64,40.0,109.116,4575.14
936.0,NORMAL,25.0,7.71,99.62,6.4,119.66,40.0,109.642,4597.27
937.0,NORMAL,25.0,7.74,99.75,6.43,119.72,40.0,110.069,4615.34
938.0,NORMAL,25.0,7.76,99.89,6.46,119.8,40.0,110.355,4627.48
939.0,NORMAL,25.0,7.77,100.02,6.48,119.89,40.0,110.488,4633.24
940.0,NORMAL,25.0,7.77,100.12,6.49,119.99,40.0,110.479,4633.02
941.0,NORMAL,25.0,7.76,100.19,6.49,120.08,40.0,110.354,4627.89
942.0,NORMAL,25.0,7.74,100.23,6.48,120.15,40.0,110.145,4619.17
943.0,NORMAL,25.0,7.73,100.23,6.47,120.21,40.0,109.885,4608.26
944.0,NORMAL,25.0,7.71,100.2,6.45,120.24,40.0,109.612,4596.75
945.0,NORMAL,25.0,7.69,100.14,6.42,120.24,40.0,109.361,4586.11
946.0,NORMAL,25.0,7.68,100.08,6.4,120.23,40.0,109.166,4577.8
947.0,NORMAL,25.0,7.67,100.02,6.37,120.2,40.0,109.029,4571.87
948.0,NORMAL,25.0,7.67,99.97,6.35,120.15,40.0,108.954,4568.55
949.0,NORMAL,25.0,7.67,99.93,6.34,120.1,40.0,108.938,4567.74
950.0,NORMAL,25.0,7.68,99.9,6.33,120.05,40.0,108.972,4569.02
951.0,NORMAL,25.0,7.69,99.9,6.32,120.01,40.0,109.046,4572.01
952.0,NORMAL,25.0,7.7,99.9,6.32,119.97,40.0,109.13,4575.48
953.0,NORMAL,25.0,7.7,99.92,6.33,119.95,40.0,109.225,4579.46
954.0,NORMAL,25.0,7.71,99.95,6.33,119.93,40.0,109.308,4582.93
955.0,NORMAL,25.0,7.71,99.97,6.34,119.92,40.0,109.37,4585.58
956.0,NORMAL,25.0,7.72,100.0,6.35,119.92,40.0,109.418,4587.65
957.0,NORMAL,25.0,7.72,100.02,6.35,119.93,40.0,109.44,4588.67
958.0,NORMAL,25.0,7.72,100.04,6.36,119.95,40.0,109.443,4588.86
959.0,NORMAL,25.0,7.71,100.05,6.37,119.96,40.0,109.423,4588.08
960.0,NORMAL,25.0,7.71,100.05,6.37,119.97,40.0,109.392,4586.86
961.0,NORMAL,25.0,7.7,100.04,6.37,119.99,40.0,109.36,4585.55
962.0,NORMAL,25.0,7.7,100.03,6.37,120.0,40.0,109.331,4584.35
963.0,NORMAL,25.0,7.7,100.02,6.37,120.0,40.0,109.307,4583.38
964.0,NORMAL,25.0,7.7,100.01,6.37,120.01,40.0,109.293,4582.79
965.0,NORMAL,25.0,7.7,100.0,6.37,120.01,40.0,109.284,4582.4
966.0,NORMAL,25.0,7.7,99.99,6.37,120.01,40.0,109.283,4582.35
967.0,NORMAL,25.0,7.7,99.98,6.37,120.01,40.0,109.291,4582.65
968.0,NORMAL,25.0,7.7,99.98,6.37,120.0,40.0,109.306,4583.27
969.0,NORMAL,25.0,7.7,99.98,6.37,120.0,40.0,109.324,4584.01
970.0,NORMAL,25.0,7.7,99.98,6.37,120.0,40.0,109.341,4584.72
971.0,NORMAL,25.0,7.7,99.98,6.37,120.0,40.0,109.358,4585.41
972.0,NORMAL,25.0,7.7,99.99,6.37,120.0,40.0,109.374,4586.08
973.0,NORMAL,25.0,7.71,100.0,6.37,120.0,40.0,109.381,4586.37
974.0,NORMAL,25.0,7.71,100.0,6.37,120.0,40.0,109.379,4586.31
975.0,NORMAL,25.0,7.71,100.01,6.37,120.0,40.0,109.378,4586.25
976.0,NORMAL,25.0,7.7,100.01,6.37,120.0,40.0,109.368,4585.85
977.0,NORMAL,25.0,7.7,100.01,6.37,120.01,40.0,109.359,4585.47
978.0,NORMAL,25.0,7.7,100.01,6.37,120.01,40.0,109.347,4584.95
979.0,NORMAL,25.0,7.7,100.01,6.37,120.01,40.0,109.335,4584.44
980.0,NORMAL,25.0,7.7,100.0,6.37,120.01,40.0,109.323,4583.94
981.0,NORMAL,25.0,7.7,100.0,6.37,120.0,40.0,109.32,4583.81
982.0,NORMAL,25.0,7.7,100.0,6.37,120.0,40.0,109.32,4583.83
983.0,NORMAL,25.0,7.7,100.0,6.37,120.0,40.0,109.321,4583.85
984.0,NORMAL,25.0,7.7,100.0,6.37,120.0,40.0,109.321,4583.87
985.0,NORMAL,25.0,7.7,100.0,6.37,120.0,40.0,109.322,4583.88
986.0,NORMAL,25.0,7.7,99.99,6.37,120.0,40.0,109.322,4583.89
987.0,NORMAL,25.0,7.7,100.0,6.37,120.0,40.0,109.331,4584.25
988.0,NORMAL,25.0,7.7,100.0,6.37,120.0,40.0,109.331,4584.25
989.0,NORMAL,25.0,7.7,100.0,6.37,120.0,40.0,109.33,4584.25
990.0,NORMAL,25.0,7.7,100.0,6.37,119.99,40.0,109.33,4584.24
991.0,NORMAL,25.0,7.7,100.0,6.37,119.99,40.0,109.334,4584.4
992.0,NORMAL,25.0,7.7,100.0,6.37,120.0,40.0,109.337,4584.56
993.0,NORMAL,25.0,7.7,100.0,6.37,120.0,40.0,109.337,4584.55
994.0,NORMAL,25.0,7.7,100.0,6.37,120.0,40.0,109.337,4584.55
995.0,NORMAL,25.0,7.7,100.0,6.37,120.0,40.0,109.337,4584.55
996.0,NORMAL,25.0,7.7,100.0,6.37,120.0,40.0,109.337,4584.55
997.0,NORMAL,25.0,7.7,100.0,6.37,120.0,40.0,109.337,4584.55
998.0,NORMAL,25.0,7.7,100.0,6.37,120.0,40.0,109.337,4584.55
999.0,NORMAL,25.0,7.7,100.0,6.37,120.0,40.0,109.337,4584.55
1000.0,NORMAL,25.0,7.7,100.0,6.37,120.0,40.0,109.337,4584.55
1001.0,NORMAL,25.0,7.7,100.0,6.37,120.0,40.0,109.337,4584.55
1002.0,NORMAL,25.0,7.7,100.0,6.37,120.0,40.0,109.337,4584.55
1003.0,NORMAL,25.0,7.7,100.0,6.37,120.0,40.0,109.337,4584.55
1004.0,NORMAL,25.0,7.7,100.0,6.37,120.0,40.0,109.337,4584.55
1005.0,NORMAL,25.0,7.7,100.0,6.37,120.0,40.0,109.337,4584.54
1006.0,NORMAL,25.0,7.7,100.0,6.37,120.0,40.0,109.337,4584.54
1007.0,NORMAL,25.0,7.7,100.0,6.37,120.0,40.0,109.337,4584.54
1008.0,NORMAL,25.0,7.7,100.0,6.37,120.0,40.0,109.337,4584.54
1009.0,NORMAL,25.0,7.7,100.0,6.37,120.0,40.0,109.337,4584.54
1010.0,NORMAL,25.0,7.7,100.0,6.37,120.0,40.0,109.337,4584.54
1011.0,NORMAL,25.0,7.7,100.0,6.37,120.0,40.0,109.337,4584.54
1012.0,NORMAL,25.0,7.7,100.0,6.37,120.0,40.0,109.337,4584.54
1013.0,NORMAL,25.0,7.7,100.0,6.37,120.0,40.0,109.337,4584.54
1014.0,NORMAL,25.0,7.7,100.0,6.37,120.0,40.0,109.337,4584.54
1015.0,NORMAL,25.0,7.7,100.0,6.37,120.0,40.0,109.337,4584.54
1016.0,NORMAL,25.0,7.7,100.0,6.37,120.0,40.0,109.337,4584.54
1017.0,NORMAL,25.0,7.7,100.0,6.37,120.0,40.0,109.337,4584.54
1018.0,NORMAL,25.0,7.7,100.0,6.37,120.0,40.0,109.337,4584.54
1019.0,NORMAL,25.0,7.7,100.0,6.37,120.0,40.0,109.337,4584.54
1020.0,NORMAL,25.0,7.7,100.0,6.37,120.0,40.0,109.337,4584.54
1021.0,NORMAL,25.0,7.7,100.0,6.37,120.0,40.0,109.337,4584.54
1022.0,NORMAL,25.0,7.7,100.0,6.37,120.0,40.0,109.337,4584.54
1023.0,NORMAL,25.0,7.7,100.0,6.37,120.0,40.0,109.337,4584.54
1024.0,NORMAL,25.0,7.7,100.0,6.37,120.0,40.0,109.337,4584.54
1025.0,NORMAL,25.0,7.7,100.0,6.37,120.0,40.0,109.337,4584.54
1026.0,NORMAL,25.0,7.7,100.0,6.37,120.0,40.0,109.337,4584.54
1027.0,NORMAL,25.0,7.7,100.0,6.37,120.0,40.0,109.337,4584.54
1028.0,NORMAL,25.0,7.7,100.0,6.37,120.0,40.0,109.337,4584.54
1029.0,NORMAL,25.0,7.7,100.0,6.37,120.0,40.0,109.337,4584.54
1030.0,NORMAL,25.0,7.7,100.0,6.37,120.0,40.0,109.337,4584.54
1031.0,NORMAL,25.0,7.7,100.0,6.37,120.0,40.0,109.337,4584.54
1032.0,NORMAL,25.0,7.7,100.0,6.37,120.0,40.0,109.337,4584.54
1033.0,NORMAL,25.0,7.7,100.0,6.37,120.0,40.0,109.337,4584.54
1034.0,NORMAL,25.0,7.7,100.0,6.37,120.0,40.0,109.337,4584.54
1035.0,NORMAL,25.0,7.7,100.0,6.37,120.0,40.0,109.337,4584.54
1036.0,NORMAL,25.0,7.7,100.0,6.37,120.0,40.0,109.337,4584.54
1037.0,NORMAL,25.0,7.7,100.0,6.37,120.0,40.0,109.337,4584.54
1038.0,NORMAL,25.0,7.7,100.0,6.37,120.0,40.0,109.337,4584.54
1039.0,NORMAL,25.0,7.7,100.0,6.37,120.0,40.0,109.337,4584.54
1040.0,NORMAL,25.0,7.7,100.0,6.37,120.0,40.0,109.337,4584.54
1041.0,NORMAL,25.0,7.7,100.0,6.37,120.0,40.0,109.337,4584.54
1042.0,NORMAL,25.0,7.7,100.0,6.37,120.0,40.0,109.337,4584.54
1043.0,NORMAL,25.0,7.7,100.0,6.37,120.0,40.0,109.337,4584.54
1044.0,NORMAL,25.0,7.7,100.0,6.37,120.0,40.0,109.337,4584.54
1045.0,NORMAL,25.0,7.7,100.0,6.37,120.0,40.0,109.337,4584.54
1046.0,NORMAL,25.0,7.7,100.0,6.37,120.0,40.0,109.337,4584.54
1047.0,NORMAL,25.0,7.7,100.0,6.37,120.0,40.0,109.337,4584.54
1048.0,NORMAL,25.0,7.7,100.0,6.37,120.0,40.0,109.337,4584.54
1049.0,NORMAL,25.0,7.7,100.0,6.37,120.0,40.0,109.337,4584.54
1050.0,NORMAL,25.0,7.7,100.0,6.37,120.0,40.0,109.337,4584.54
1051.0,NORMAL,25.0,7.7,100.0,6.37,120.0,40.0,109.337,4584.54
1052.0,NORMAL,25.0,7.7,100.0,6.37,120.0,40.0,109.337,4584.54
1053.0,NORMAL,25.0,7.7,100.0,6.37,120.0,40.0,109.337,4584.54
1054.0,NORMAL,25.0,7.7,100.0,6.37,120.0,40.0,109.337,4584.54
1055.0,NORMAL,25.0,7.7,100.0,6.37,120.0,40.0,109.337,4584.54
1056.0,NORMAL,25.0,7.7,100.0,6.37,120.0,40.0,109.337,4584.54
1057.0,NORMAL,25.0,7.7,100.0,6.37,120.0,40.0,109.337,4584.54
1058.0,NORMAL,25.0,7.7,100.0,6.37,120.0,40.0,109.337,4584.54
1059.0,NORMAL,25.0,7.7,100.0,6.37,120.0,40.0,109.337,4584.54
1060.0,NORMAL,25.0,7.7,100.0,6.37,120.0,40.0,109.337,4584.54
1061.0,NORMAL,25.0,7.7,100.0,6.37,120.0,40.0,109.337,4584.54
1062.0,NORMAL,25.0,7.7,100.0,6.37,120.0,40.0,109.337,4584.54
1063.0,NORMAL,25.0,7.7,100.0,6.37,120.0,40.0,109.337,4584.54
1064.0,NORMAL,25.0,7.7,100.0,6.37,120.0,40.0,109.337,4584.54
1065.0,NORMAL,25.0,7.7,100.0,6.37,120.0,40.0,109.337,4584.54
1066.0,NORMAL,25.0,7.7,100.0,6.37,120.0,40.0,109.337,4584.54
1067.0,NORMAL,25.0,7.7,100.0,6.37,120.0,40.0,109.337,4584.54
1068.0,NORMAL,25.0,7.7,100.0,6.37,120.0,40.0,109.337,4584.54
1069.0,NORMAL,25.0,7.7,100.0,6.37,120.0,40.0,109.337,4584.54
1070.0,NORMAL,25.0,7.7,100.0,6.37,120.0,40.0,109.337,4584.54
1071.0,NORMAL,25.0,7.7,100.0,6.37,120.0,40.0,109.337,4584.54
1072.0,NORMAL,25.0,7.7,100.0,6.37,120.0,40.0,109.337,4584.54
1073.0,NORMAL,25.0,7.7,100.0,6.37,120.0,40.0,109.337,4584.54
1074.0,NORMAL,25.0,7.7,100.0,6.37,120.0,40.0,109.337,4584.54
1075.0,NORMAL,25.0,7.7,100.0,6.37,120.0,40.0,109.337,4584.54
1076.0,NORMAL,25.0,7.7,100.0,6.37,120.0,40.0,109.337,4584.54
1077.0,NORMAL,25.0,7.7,100.0,6.37,120.0,40.0,109.337,4584.54
1078.0,NORMAL,25.0,7.7,100.0,6.37,120.0,40.0,109.337,4584.54
1079.0,NORMAL,25.0,7.7,100.0,6.37,120.0,40.0,109.337,4584.54
1080.0,NORMAL,25.0,7.7,100.0,6.37,120.0,40.0,109.337,4584.54
1081.0,NORMAL,25.0,7.7,100.0,6.37,120.0,40.0,109.337,4584.54
1082.0,NORMAL,25.0,7.7,100.0,6.37,120.0,40.0,109.337,4584.54
1083.0,NORMAL,25.0,7.7,100.0,6.37,120.0,40.0,109.337,4584.54
1084.0,NORMAL,25.0,7.7,100.0,6.37,120.0,40.0,109.337,4584.54
1085.0,NORMAL,25.0,7.7,100.0,6.37,120.0,40.0,109.337,4584.54
1086.0,NORMAL,25.0,7.7,100.0,6.37,120.0,40.0,109.337,4584.54
1087.0,NORMAL,25.0,7.7,100.0,6.37,120.0,40.0,109.337,4584.54
1088.0,NORMAL,25.0,7.7,100.0,6.37,120.0,40.0,109.337,4584.54
1089.0,NORMAL,25.0,7.7,100.0,6.37,120.0,40.0,109.337,4584.54
1090.0,NORMAL,25.0,7.7,100.0,6.37,120.0,40.0,109.337,4584.54
1091.0,NORMAL,25.0,7.7,100.0,6.37,120.0,40.0,109.337,4584.54
1092.0,NORMAL,25.0,7.7,100.0,6.37,120.0,40.0,109.337,4584.54
1093.0,NORMAL,25.0,7.7,100.0,6.37,120.0,40.0,109.337,4584.54
1094.0,NORMAL,25.0,7.7,100.0,6.37,120.0,40.0,109.337,4584.54
1095.0,NORMAL,25.0,7.7,100.0,6.37,120.0,40.0,109.337,4584.54
1096.0,NORMAL,25.0,7.7,100.0,6.37,120.0,40.0,109.337,4584.54
1097.0,NORMAL,25.0,7.7,100.0,6.37,120.0,40.0,109.337,4584.54
1098.0,NORMAL,25.0,7.7,100.0,6.37,120.0,40.0,109.337,4584.54
1099.0,NORMAL,25.0,7.7,100.0,6.37,120.0,40.0,109.337,4584.54
1100.0,NORMAL,25.0,7.7,100.0,6.37,120.0,40.0,109.337,4584.54
1101.0,NORMAL,25.0,7.7,100.0,6.37,120.0,40.0,109.337,4584.54
1102.0,NORMAL,25.0,7.7,100.0,6.37,120.0,40.0,109.337,4584.54
1103.0,NORMAL,25.0,7.7,100.0,6.37,120.0,40.0,109.337,4584.54
1104.0,NORMAL,25.0,7.7,100.0,6.37,120.0,40.0,109.337,4584.54
1105.0,NORMAL,25.0,7.7,100.0,6.37,120.0,40.0,109.337,4584.54
1106.0,NORMAL,25.0,7.7,100.0,6.37,120.0,40.0,109.337,4584.54
1107.0,NORMAL,25.0,7.7,100.0,6.37,120.0,40.0,109.337,4584.54
1108.0,NORMAL,25.0,7.7,100.0,6.37,120.0,40.0,109.337,4584.54
1109.0,NORMAL,25.0,7.7,100.0,6.37,120.0,40.0,109.337,4584.54
1110.0,NORMAL,25.0,7.7,100.0,6.37,120.0,40.0,109.337,4584.54
1111.0,NORMAL,25.0,7.7,100.0,6.37,120.0,40.0,109.337,4584.54
1112.0,NORMAL,25.0,7.7,100.0,6.37,120.0,40.0,109.337,4584.54
1113.0,NORMAL,25.0,7.7,100.0,6.37,120.0,40.0,109.337,4584.54
1114.0,NORMAL,25.0,7.7,100.0,6.37,120.0,40.0,109.337,4584.54
1115.0,NORMAL,25.0,7.7,100.0,6.37,120.0,40.0,109.337,4584.54
1116.0,NORMAL,25.0,7.7,100.0,6.37,120.0,40.0,109.337,4584.54
1117.0,NORMAL,25.0,7.7,100.0,6.37,120.0,40.0,109.337,4584.54
1118.0,NORMAL,25.0,7.7,100.0,6.37,120.0,40.0,109.337,4584.54
1119.0,NORMAL,25.0,7.7,100.0,6.37,120.0,40.0,109.337,4584.54
1120.0,NORMAL,25.0,7.7,100.0,6.37,120.0,40.0,109.337,4584.54
1121.0,NORMAL,25.0,7.7,100.0,6.37,120.0,40.0,109.337,4584.54
1122.0,NORMAL,25.0,7.7,100.0,6.37,120.0,40.0,109.337,4584.54
1123.0,NORMAL,25.0,7.7,100.0,6.37,120.0,40.0,109.337,4584.54
1124.0,NORMAL,25.0,7.7,100.0,6.37,120.0,40.0,109.337,4584.54
1125.0,NORMAL,25.0,7.7,100.0,6.37,120.0,40.0,109.337,4584.54
1126.0,NORMAL,25.0,7.7,100.0,6.37,120.0,40.0,109.337,4584.54
1127.0,NORMAL,25.0,7.7,100.0,6.37,120.0,40.0,109.337,4584.54
1128.0,NORMAL,25.0,7.7,100.0,6.37,120.0,40.0,109.337,4584.54
1129.0,NORMAL,25.0,7.7,100.0,6.37,120.0,40.0,109.337,4584.54
1130.0,NORMAL,25.0,7.7,100.0,6.37,120.0,40.0,109.337,4584.54
1131.0,NORMAL,25.0,7.7,100.0,6.37,120.0,40.0,109.337,4584.54
1132.0,NORMAL,25.0,7.7,100.0,6.37,120.0,40.0,109.337,4584.54
1133.0,NORMAL,25.0,7.7,100.0,6.37,120.0,40.0,109.337,4584.54
1134.0,NORMAL,25.0,7.7,100.0,6.37,120.0,40.0,109.337,4584.54
1135.0,NORMAL,25.0,7.7,100.0,6.37,120.0,40.0,109.337,4584.54
1136.0,NORMAL,25.0,7.7,100.0,6.37,120.0,40.0,109.337,4584.54
1137.0,NORMAL,25.0,7.7,100.0,6.37,120.0,40.0,109.337,4584.54
1138.0,NORMAL,25.0,7.7,100.0,6.37,120.0,40.0,109.337,4584.54
1139.0,NORMAL,25.0,7.7,100.0,6.37,120.0,40.0,109.337,4584.54
1140.0,NORMAL,25.0,7.7,100.0,6.37,120.0,40.0,109.337,4584.54
1141.0,NORMAL,25.0,7.7,100.0,6.37,120.0,40.0,109.337,4584.54
1142.0,NORMAL,25.0,7.7,100.0,6.37,120.0,40.0,109.337,4584.54
1143.0,NORMAL,25.0,7.7,100.0,6.37,120.0,40.0,109.337,4584.54
1144.0,NORMAL,25.0,7.7,100.0,6.37,120.0,40.0,109.337,4584.54
1145.0,NORMAL,25.0,7.7,100.0,6.37,120.0,40.0,109.337,4584.54
1146.0,NORMAL,25.0,7.7,100.0,6.37,120.0,40.0,109.337,4584.54
1147.0,NORMAL,25.0,7.7,100.0,6.37,120.0,40.0,109.337,4584.54
1148.0,NORMAL,25.0,7.7,100.0,6.37,120.0,40.0,109.337,4584.54
1149.0,NORMAL,25.0,7.7,100.0,6.37,120.0,40.0,109.337,4584.54
1150.0,NORMAL,25.0,7.7,100.0,6.37,120.0,40.0,109.337,4584.54
1151.0,NORMAL,25.0,7.7,100.0,6.37,120.0,40.0,109.337,4584.54
1152.0,NORMAL,25.0,7.7,100.0,6.37,120.0,40.0,109.337,4584.54
1153.0,NORMAL,25.0,7.7,100.0,6.37,120.0,40.0,109.337,4584.54
1154.0,NORMAL,25.0,7.7,100.0,6.37,120.0,40.0,109.337,4584.54
1155.0,NORMAL,25.0,7.7,100.0,6.37,120.0,40.0,109.337,4584.54
1156.0,NORMAL,25.0,7.7,100.0,6.37,120.0,40.0,109.337,4584.54
1157.0,NORMAL,25.0,7.7,100.0,6.37,120.0,40.0,109.337,4584.54
1158.0,NORMAL,25.0,7.7,100.0,6.37,120.0,40.0,109.337,4584.54
1159.0,NORMAL,25.0,7.7,100.0,6.37,120.0,40.0,109.337,4584.54
1160.0,NORMAL,25.0,7.7,100.0,6.37,120.0,40.0,109.337,4584.54
1161.0,NORMAL,25.0,7.7,100.0,6.37,120.0,40.0,109.337,4584.54
1162.0,NORMAL,25.0,7.7,100.0,6.37,120.0,40.0,109.337,4584.54
1163.0,NORMAL,25.0,7.7,100.0,6.37,120.0,40.0,109.337,4584.54
1164.0,NORMAL,25.0,7.7,100.0,6.37,120.0,40.0,109.337,4584.54
1165.0,NORMAL,25.0,7.7,100.0,6.37,120.0,40.0,109.337,4584.54
1166.0,NORMAL,25.0,7.7,100.0,6.37,120.0,40.0,109.337,4584.54
1167.0,NORMAL,25.0,7.7,100.0,6.37,120.0,40.0,109.337,4584.54
1168.0,NORMAL,25.0,7.7,100.0,6.37,120.0,40.0,109.337,4584.54
1169.0,NORMAL,25.0,7.7,100.0,6.37,120.0,40.0,109.337,4584.54
1170.0,NORMAL,25.0,7.7,100.0,6.37,120.0,40.0,109.337,4584.54
1171.0,NORMAL,25.0,7.7,100.0,6.37,120.0,40.0,109.337,4584.54
1172.0,NORMAL,25.0,7.7,100.0,6.37,120.0,40.0,109.337,4584.54
1173.0,NORMAL,25.0,7.7,100.0,6.37,120.0,40.0,109.337,4584.54
1174.0,NORMAL,25.0,7.7,100.0,6.37,120.0,40.0,109.337,4584.54
1175.0,NORMAL,25.0,7.7,100.0,6.37,120.0,40.0,109.337,4584.54
1176.0,NORMAL,25.0,7.7,100.0,6.37,120.0,40.0,109.337,4584.54
1177.0,NORMAL,25.0,7.7,100.0,6.37,120.0,40.0,109.337,4584.54
1178.0,NORMAL,25.0,7.7,100.0,6.37,120.0,40.0,109.337,4584.54
1179.0,NORMAL,25.0,7.7,100.0,6.37,120.0,40.0,109.337,4584.54
1180.0,NORMAL,25.0,7.7,100.0,6.37,120.0,40.0,109.337,4584.54
1181.0,NORMAL,25.0,7.7,100.0,6.37,120.0,40.0,109.337,4584.54
1182.0,NORMAL,25.0,7.7,100.0,6.37,120.0,40.0,109.337,4584.54
1183.0,NORMAL,25.0,7.7,100.0,6.37,120.0,40.0,109.337,4584.54
1184.0,NORMAL,25.0,7.7,100.0,6.37,120.0,40.0,109.337,4584.54
1185.0,NORMAL,25.0,7.7,100.0,6.37,120.0,40.0,109.337,4584.54
1186.0,NORMAL,25.0,7.7,100.0,6.37,120.0,40.0,109.337,4584.54
1187.0,NORMAL,25.0,7.7,100.0,6.37,120.0,40.0,109.337,4584.54
1188.0,NORMAL,25.0,7.7,100.0,6.37,120.0,40.0,109.337,4584.54
1189.0,NORMAL,25.0,7.7,100.0,6.37,120.0,40.0,109.337,4584.54
1190.0,NORMAL,25.0,7.7,100.0,6.37,120.0,40.0,109.337,4584.54
1191.0,NORMAL,25.0,7.7,100.0,6.37,120.0,40.0,109.337,4584.54
1192.0,NORMAL,25.0,7.7,100.0,6.37,120.0,40.0,109.337,4584.54
1193.0,NORMAL,25.0,7.7,100.0,6.37,120.0,40.0,109.337,4584.54
1194.0,NORMAL,25.0,7.7,100.0,6.37,120.0,40.0,109.337,4584.54
1195.0,NORMAL,25.0,7.7,100.0,6.37,120.0,40.0,109.337,4584.54
1196.0,NORMAL,25.0,7.7,100.0,6.37,120.0,40.0,109.337,4584.54
1197.0,NORMAL,25.0,7.7,100.0,6.37,120.0,40.0,109.337,4584.54
1198.0,NORMAL,25.0,7.7,100.0,6.37,120.0,40.0,109.337,4584.54
1199.0,NORMAL,25.0,7.7,100.0,6.37,120.0,40.0,109.337,4584.54
1200.0,NORMAL,25.0,7.7,100.0,6.37,120.0,40.0,109.337,4584.54
1201.0,NORMAL,25.0,7.7,100.0,6.37,120.0,40.0,109.337,4584.54
1202.0,NORMAL,25.0,7.7,100.0,6.37,120.0,40.0,109.337,4584.54
1203.0,NORMAL,25.0,7.7,100.0,6.37,120.0,40.0,109.337,4584.54
1204.0,NORMAL,25.0,7.7,100.0,6.37,120.0,40.0,109.337,4584.54
1205.0,NORMAL,25.0,7.7,100.0,6.37,120.0,40.0,109.337,4584.54
1206.0,NORMAL,25.0,7.7,100.0,6.37,120.0,40.0,109.337,4584.54
1207.0,NORMAL,25.0,7.7,100.0,6.37,120.0,40.0,109.337,4584.54
1208.0,NORMAL,25.0,7.7,100.0,6.37,120.0,40.0,109.337,4584.54
1209.0,NORMAL,25.0,7.7,100.0,6.37,120.0,40.0,109.337,4584.54
1210.0,NORMAL,25.0,7.7,100.0,6.37,120.0,40.0,109.337,4584.54
1211.0,NORMAL,25.0,7.7,100.0,6.37,120.0,40.0,109.337,4584.54
1212.0,NORMAL,25.0,7.7,100.0,6.37,120.0,40.0,109.337,4584.54
1213.0,NORMAL,25.0,7.7,100.0,6.37,120.0,40.0,109.337,4584.54
1214.0,NORMAL,25.0,7.7,100.0,6.37,120.0,40.0,109.337,4584.54
1215.0,NORMAL,25.0,7.7,100.0,6.37,120.0,40.0,109.337,4584.54
1216.0,NORMAL,25.0,7.7,100.0,6.37,120.0,40.0,109.337,4584.54
1217.0,NORMAL,25.0,7.7,100.0,6.37,120.0,40.0,109.337,4584.54
1218.0,NORMAL,25.0,7.7,100.0,6.37,120.0,40.0,109.337,4584.54
1219.0,NORMAL,25.0,7.7,100.0,6.37,120.0,40.0,109.337,4584.54
1220.0,NORMAL,25.0,7.7,100.0,6.37,120.0,40.0,109.337,4584.54
1221.0,NORMAL,25.0,7.7,100.0,6.37,120.0,40.0,109.337,4584.54
1222.0,NORMAL,25.0,7.7,100.0,6.37,120.0,40.0,109.337,4584.54
1223.0,NORMAL,25.0,7.7,100.0,6.37,120.0,40.0,109.337,4584.54
1224.0,NORMAL,25.0,7.7,100.0,6.37,120.0,40.0,109.337,4584.54
1225.0,NORMAL,25.0,7.7,100.0,6.37,120.0,40.0,109.337,4584.54
1226.0,NORMAL,25.0,7.7,100.0,6.37,120.0,40.0,109.337,4584.54
1227.0,NORMAL,25.0,7.7,100.0,6.37,120.0,40.0,109.337,4584.54
1228.0,NORMAL,25.0,7.7,100.0,6.37,120.0,40.0,109.337,4584.54
1229.0,NORMAL,25.0,7.7,100.0,6.37,120.0,40.0,109.337,4584.54
1230.0,NORMAL,25.0,7.7,100.0,6.37,120.0,40.0,109.337,4584.54
1231.0,NORMAL,25.0,7.7,100.0,6.37,120.0,40.0,109.337,4584.54
1232.0,NORMAL,25.0,7.7,100.0,6.37,120.0,40.0,109.337,4584.54
1233.0,NORMAL,25.0,7.7,100.0,6.37,120.0,40.0,109.337,4584.54
1234.0,NORMAL,25.0,7.7,100.0,6.37,120.0,40.0,109.337,4584.54
1235.0,NORMAL,25.0,7.7,100.0,6.37,120.0,40.0,109.337,4584.54
1236.0,NORMAL,25.0,7.7,100.0,6.37,120.0,40.0,109.337,4584.54
1237.0,NORMAL,25.0,7.7,100.0,6.37,120.0,40.0,109.337,4584.54
1238.0,NORMAL,25.0,7.7,100.0,6.37,120.0,40.0,109.337,4584.54
1239.0,NORMAL,25.0,7.7,100.0,6.37,120.0,40.0,109.337,4584.54
1240.0,NORMAL,25.0,7.7,100.0,6.37,120.0,40.0,109.337,4584.54
1241.0,NORMAL,25.0,7.7,100.0,6.37,120.0,40.0,109.337,4584.54
1242.0,NORMAL,25.0,7.7,100.0,6.37,120.0,40.0,109.337,4584.54
1243.0,NORMAL,25.0,7.7,100.0,6.37,120.0,40.0,109.337,4584.54
1244.0,NORMAL,25.0,7.7,100.0,6.37,120.0,40.0,109.337,4584.54
1245.0,NORMAL,25.0,7.7,100.0,6.37,120.0,40.0,109.337,4584.54
1246.0,NORMAL,25.0,7.7,100.0,6.37,120.0,40.0,109.337,4584.54
1247.0,NORMAL,25.0,7.7,100.0,6.37,120.0,40.0,109.337,4584.54
1248.0,NORMAL,25.0,7.7,100.0,6.37,120.0,40.0,109.337,4584.54
1249.0,NORMAL,25.0,7.7,100.0,6.37,120.0,40.0,109.337,4584.54
1250.0,NORMAL,25.0,7.7,100.0,6.37,120.0,40.0,109.337,4584.54
1251.0,NORMAL,25.0,7.7,100.0,6.37,120.0,40.0,109.337,4584.54
1252.0,NORMAL,25.0,7.7,100.0,6.37,120.0,40.0,109.337,4584.54
1253.0,NORMAL,25.0,7.7,100.0,6.37,120.0,40.0,109.337,4584.54
1254.0,NORMAL,25.0,7.7,100.0,6.37,120.0,40.0,109.337,4584.54
1255.0,NORMAL,25.0,7.7,100.0,6.37,120.0,40.0,109.337,4584.54
1256.0,NORMAL,25.0,7.7,100.0,6.37,120.0,40.0,109.337,4584.54
1257.0,NORMAL,25.0,7.7,100.0,6.37,120.0,40.0,109.337,4584.54
1258.0,NORMAL,25.0,7.7,100.0,6.37,120.0,40.0,109.337,4584.54
1259.0,NORMAL,25.0,7.7,100.0,6.37,120.0,40.0,109.337,4584.54
1260.0,NORMAL,25.0,7.7,100.0,6.37,120.0,40.0,109.337,4584.54
1261.0,NORMAL,25.0,7.7,100.0,6.37,120.0,40.0,109.337,4584.54
1262.0,NORMAL,25.0,7.7,100.0,6.37,120.0,40.0,109.337,4584.54
1263.0,NORMAL,25.0,7.7,100.0,6.37,120.0,40.0,109.337,4584.54
1264.0,NORMAL,25.0,7.7,100.0,6.37,120.0,40.0,109.337,4584.54
1265.0,NORMAL,25.0,7.7,100.0,6.37,120.0,40.0,109.337,4584.54
1266.0,NORMAL,25.0,7.7,100.0,6.37,120.0,40.0,109.337,4584.54
1267.0,NORMAL,25.0,7.7,100.0,6.37,120.0,40.0,109.337,4584.54
1268.0,NORMAL,25.0,7.7,100.0,6.37,120.0,40.0,109.337,4584.54
1269.0,NORMAL,25.0,7.7,100.0,6.37,120.0,40.0,109.337,4584.54
1270.0,NORMAL,25.0,7.7,100.0,6.37,120.0,40.0,109.337,4584.54
1271.0,NORMAL,25.0,7.7,100.0,6.37,120.0,40.0,109.337,4584.54
1272.0,NORMAL,25.0,7.7,100.0,6.37,120.0,40.0,109.337,4584.54
1273.0,NORMAL,25.0,7.7,100.0,6.37,120.0,40.0,109.337,4584.54
1274.0,NORMAL,25.0,7.7,100.0,6.37,120.0,40.0,109.337,4584.54
1275.0,NORMAL,25.0,7.7,100.0,6.37,120.0,40.0,109.337,4584.54
1276.0,NORMAL,25.0,7.7,100.0,6.37,120.0,40.0,109.337,4584.54
1277.0,NORMAL,25.0,7.7,100.0,6.37,120.0,40.0,109.337,4584.54
1278.0,NORMAL,25.0,7.7,100.0,6.37,120.0,40.0,109.337,4584.54
1279.0,NORMAL,25.0,7.7,100.0,6.37,120.0,40.0,109.337,4584.54
1280.0,NORMAL,25.0,7.7,100.0,6.37,120.0,40.0,109.337,4584.54
1281.0,NORMAL,25.0,7.7,100.0,6.37,120.0,40.0,109.337,4584.54
1282.0,NORMAL,25.0,7.7,100.0,6.37,120.0,40.0,109.337,4584.54
1283.0,NORMAL,25.0,7.7,100.0,6.37,120.0,40.0,109.337,4584.54
1284.0,NORMAL,25.0,7.7,100.0,6.37,120.0,40.0,109.337,4584.54
1285.0,NORMAL,25.0,7.7,100.0,6.37,120.0,40.0,109.337,4584.54
1286.0,NORMAL,25.0,7.7,100.0,6.37,120.0,40.0,109.337,4584.54
1287.0,NORMAL,25.0,7.7,100.0,6.37,120.0,40.0,109.337,4584.54
1288.0,NORMAL,25.0,7.7,100.0,6.37,120.0,40.0,109.337,4584.54
1289.0,NORMAL,25.0,7.7,100.0,6.37,120.0,40.0,109.337,4584.54
1290.0,NORMAL,25.0,7.7,100.0,6.37,120.0,40.0,109.337,4584.54
1291.0,NORMAL,25.0,7.7,100.0,6.37,120.0,40.0,109.337,4584.54
1292.0,NORMAL,25.0,7.7,100.0,6.37,120.0,40.0,109.337,4584.54
1293.0,NORMAL,25.0,7.7,100.0,6.37,120.0,40.0,109.337,4584.54
1294.0,NORMAL,25.0,7.7,100.0,6.37,120.0,40.0,109.337,4584.54
1295.0,NORMAL,25.0,7.7,100.0,6.37,120.0,40.0,109.337,4584.54
1296.0,NORMAL,25.0,7.7,100.0,6.37,120.0,40.0,109.337,4584.54
1297.0,NORMAL,25.0,7.7,100.0,6.37,120.0,40.0,109.337,4584.54
1298.0,NORMAL,25.0,7.7,100.0,6.37,120.0,40.0,109.337,4584.54
1299.0,NORMAL,25.0,7.7,100.0,6.37,120.0,40.0,109.337,4584.54
1300.0,NORMAL,25.0,7.7,100.0,6.37,120.0,40.0,109.337,4584.54
1301.0,NORMAL,25.0,7.7,100.0,6.37,120.0,40.0,109.337,4584.54
1302.0,NORMAL,25.0,7.7,100.0,6.37,120.0,40.0,109.337,4584.54
1303.0,NORMAL,25.0,7.7,100.0,6.37,120.0,40.0,109.337,4584.54
1304.0,NORMAL,25.0,7.7,100.0,6.37,120.0,40.0,109.337,4584.54
1305.0,NORMAL,25.0,7.7,100.0,6.37,120.0,40.0,109.337,4584.54
1306.0,NORMAL,25.0,7.7,100.0,6.37,120.0,40.0,109.337,4584.54
1307.0,NORMAL,25.0,7.7,100.0,6.37,120.0,40.0,109.337,4584.54
1308.0,NORMAL,25.0,7.7,100.0,6.37,120.0,40.0,109.337,4584.54
1309.0,NORMAL,25.0,7.7,100.0,6.37,120.0,40.0,109.337,4584.54
1310.0,NORMAL,25.0,7.7,100.0,6.37,120.0,40.0,109.337,4584.54
1311.0,NORMAL,25.0,7.7,100.0,6.37,120.0,40.0,109.337,4584.54
1312.0,NORMAL,25.0,7.7,100.0,6.37,120.0,40.0,109.337,4584.54
1313.0,NORMAL,25.0,7.7,100.0,6.37,120.0,40.0,109.337,4584.54
1314.0,NORMAL,25.0,7.7,100.0,6.37,120.0,40.0,109.337,4584.54
1315.0,NORMAL,25.0,7.7,100.0,6.37,120.0,40.0,109.337,4584.54
1316.0,NORMAL,25.0,7.7,100.0,6.37,120.0,40.0,109.337,4584.54
1317.0,NORMAL,25.0,7.7,100.0,6.37,120.0,40.0,109.337,4584.54
1318.0,NORMAL,25.0,7.7,100.0,6.37,120.0,40.0,109.337,4584.54
1319.0,NORMAL,25.0,7.7,100.0,6.37,120.0,40.0,109.337,4584.54
1320.0,NORMAL,25.0,7.7,100.0,6.37,120.0,40.0,109.337,4584.54
1321.0,NORMAL,25.0,7.7,100.0,6.37,120.0,40.0,109.337,4584.54
1322.0,NORMAL,25.0,7.7,100.0,6.37,120.0,40.0,109.337,4584.54
1323.0,NORMAL,25.0,7.7,100.0,6.37,120.0,40.0,109.337,4584.54
1324.0,NORMAL,25.0,7.7,100.0,6.37,120.0,40.0,109.337,4584.54
1325.0,NORMAL,25.0,7.7,100.0,6.37,120.0,40.0,109.337,4584.54
1326.0,NORMAL,25.0,7.7,100.0,6.37,120.0,40.0,109.337,4584.54
1327.0,NORMAL,25.0,7.7,100.0,6.37,120.0,40.0,109.337,4584.54
1328.0,NORMAL,25.0,7.7,100.0,6.37,120.0,40.0,109.337,4584.54
1329.0,NORMAL,25.0,7.7,100.0,6.37,120.0,40.0,109.337,4584.54
1330.0,NORMAL,25.0,7.7,100.0,6.37,120.0,40.0,109.337,4584.54
1331.0,NORMAL,25.0,7.7,100.0,6.37,120.0,40.0,109.337,4584.54
1332.0,NORMAL,25.0,7.7,100.0,6.37,120.0,40.0,109.337,4584.54
1333.0,NORMAL,25.0,7.7,100.0,6.37,120.0,40.0,109.337,4584.54
1334.0,NORMAL,25.0,7.7,100.0,6.37,120.0,40.0,109.337,4584.54
1335.0,NORMAL,25.0,7.7,100.0,6.37,120.0,40.0,109.337,4584.54
1336.0,NORMAL,25.0,7.7,100.0,6.37,120.0,40.0,109.337,4584.54
1337.0,NORMAL,25.0,7.7,100.0,6.37,120.0,40.0,109.337,4584.54
1338.0,NORMAL,25.0,7.7,100.0,6.37,120.0,40.0,109.337,4584.54
1339.0,NORMAL,25.0,7.7,100.0,6.37,120.0,40.0,109.337,4584.54
1340.0,NORMAL,25.0,7.7,100.0,6.37,120.0,40.0,109.337,4584.54
1341.0,NORMAL,25.0,7.7,100.0,6.37,120.0,40.0,109.337,4584.54
1342.0,NORMAL,25.0,7.7,100.0,6.37,120.0,40.0,109.337,4584.54
1343.0,NORMAL,25.0,7.7,100.0,6.37,120.0,40.0,109.337,4584.54
1344.0,NORMAL,25.0,7.7,100.0,6.37,120.0,40.0,109.337,4584.54
1345.0,NORMAL,25.0,7.7,100.0,6.37,120.0,40.0,109.337,4584.54
1346.0,NORMAL,25.0,7.7,100.0,6.37,120.0,40.0,109.337,4584.54
1347.0,NORMAL,25.0,7.7,100.0,6.37,120.0,40.0,109.337,4584.54
1348.0,NORMAL,25.0,7.7,100.0,6.37,120.0,40.0,109.337,4584.54
1349.0,NORMAL,25.0,7.7,100.0,6.37,120.0,40.0,109.337,4584.54
1350.0,NORMAL,25.0,7.7,100.0,6.37,120.0,40.0,109.337,4584.54
1351.0,NORMAL,25.0,7.7,100.0,6.37,120.0,40.0,109.337,4584.54
1352.0,NORMAL,25.0,7.7,100.0,6.37,120.0,40.0,109.337,4584.54
1353.0,NORMAL,25.0,7.7,100.0,6.37,120.0,40.0,109.337,4584.54
1354.0,NORMAL,25.0,7.7,100.0,6.37,120.0,40.0,109.337,4584.54
1355.0,NORMAL,25.0,7.7,100.0,6.37,120.0,40.0,109.337,4584.54
1356.0,NORMAL,25.0,7.7,100.0,6.37,120.0,40.0,109.337,4584.54
1357.0,NORMAL,25.0,7.7,100.0,6.37,120.0,40.0,109.337,4584.54
1358.0,NORMAL,25.0,7.7,100.0,6.37,120.0,40.0,109.337,4584.54
1359.0,NORMAL,25.0,7.7,100.0,6.37,120.0,40.0,109.337,4584.54
1360.0,NORMAL,25.0,7.7,100.0,6.37,120.0,40.0,109.337,4584.54
1361.0,NORMAL,25.0,7.7,100.0,6.37,120.0,40.0,109.337,4584.54
1362.0,NORMAL,25.0,7.7,100.0,6.37,120.0,40.0,109.337,4584.54
1363.0,NORMAL,25.0,7.7,100.0,6.37,120.0,40.0,109.337,4584.54
1364.0,NORMAL,25.0,7.7,100.0,6.37,120.0,40.0,109.337,4584.54
1365.0,NORMAL,25.0,7.7,100.0,6.37,120.0,40.0,109.337,4584.54
1366.0,NORMAL,25.0,7.7,100.0,6.37,120.0,40.0,109.337,4584.54
1367.0,NORMAL,25.0,7.7,100.0,6.37,120.0,40.0,109.337,4584.54
1368.0,NORMAL,25.0,7.7,100.0,6.37,120.0,40.0,109.337,4584.54
1369.0,NORMAL,25.0,7.7,100.0,6.37,120.0,40.0,109.337,4584.54
1370.0,NORMAL,25.0,7.7,100.0,6.37,120.0,40.0,109.337,4584.54
1371.0,NORMAL,25.0,7.7,100.0,6.37,120.0,40.0,109.337,4584.54
1372.0,NORMAL,25.0,7.7,100.0,6.37,120.0,40.0,109.337,4584.54
1373.0,NORMAL,25.0,7.7,100.0,6.37,120.0,40.0,109.337,4584.54
1374.0,NORMAL,25.0,7.7,100.0,6.37,120.0,40.0,109.337,4584.54
1375.0,NORMAL,25.0,7.7,100.0,6.37,120.0,40.0,109.337,4584.54
1376.0,NORMAL,25.0,7.7,100.0,6.37,120.0,40.0,109.337,4584.54
1377.0,NORMAL,25.0,7.7,100.0,6.37,120.0,40.0,109.337,4584.54
1378.0,NORMAL,25.0,7.7,100.0,6.37,120.0,40.0,109.337,4584.54
1379.0,NORMAL,25.0,7.7,100.0,6.37,120.0,40.0,109.337,4584.54
1380.0,NORMAL,25.0,7.7,100.0,6.37,120.0,40.0,109.337,4584.54
1381.0,NORMAL,25.0,7.7,100.0,6.37,120.0,40.0,109.337,4584.54
1382.0,NORMAL,25.0,7.7,100.0,6.37,120.0,40.0,109.337,4584.54
1383.0,NORMAL,25.0,7.7,100.0,6.37,120.0,40.0,109.337,4584.54
1384.0,NORMAL,25.0,7.7,100.0,6.37,120.0,40.0,109.337,4584.54
1385.0,NORMAL,25.0,7.7,100.0,6.37,120.0,40.0,109.337,4584.54
1386.0,NORMAL,25.0,7.7,100.0,6.37,120.0,40.0,109.337,4584.54
1387.0,NORMAL,25.0,7.7,100.0,6.37,120.0,40.0,109.337,4584.54
1388.0,NORMAL,25.0,7.7,100.0,6.37,120.0,40.0,109.337,4584.54
1389.0,NORMAL,25.0,7.7,100.0,6.37,120.0,40.0,109.337,4584.54
1390.0,NORMAL,25.0,7.7,100.0,6.37,120.0,40.0,109.337,4584.54
1391.0,NORMAL,25.0,7.7,100.0,6.37,120.0,40.0,109.337,4584.54
1392.0,NORMAL,25.0,7.7,100.0,6.37,120.0,40.0,109.337,4584.54
1393.0,NORMAL,25.0,7.7,100.0,6.37,120.0,40.0,109.337,4584.54
1394.0,NORMAL,25.0,7.7,100.0,6.37,120.0,40.0,109.337,4584.54
1395.0,NORMAL,25.0,7.7,100.0,6.37,120.0,40.0,109.337,4584.54
1396.0,NORMAL,25.0,7.7,100.0,6.37,120.0,40.0,109.337,4584.54
1397.0,NORMAL,25.0,7.7,100.0,6.37,120.0,40.0,109.337,4584.54
1398.0,NORMAL,25.0,7.7,100.0,6.37,120.0,40.0,109.337,4584.54
1399.0,NORMAL,25.0,7.7,100.0,6.37,120.0,40.0,109.337,4584.54
1400.0,NORMAL,25.0,7.7,100.0,6.37,120.0,40.0,109.337,4584.54
1401.0,NORMAL,25.0,7.7,100.0,6.37,120.0,40.0,109.337,4584.54
1402.0,NORMAL,25.0,7.7,100.0,6.37,120.0,40.0,109.337,4584.54
1403.0,NORMAL,25.0,7.7,100.0,6.37,120.0,40.0,109.337,4584.54
1404.0,NORMAL,25.0,7.7,100.0,6.37,120.0,40.0,109.337,4584.54
1405.0,NORMAL,25.0,7.7,100.0,6.37,120.0,40.0,109.337,4584.54
1406.0,NORMAL,25.0,7.7,100.0,6.37,120.0,40.0,109.337,4584.54
1407.0,NORMAL,25.0,7.7,100.0,6.37,120.0,40.0,109.337,4584.54
1408.0,NORMAL,25.0,7.7,100.0,6.37,120.0,40.0,109.337,4584.54
1409.0,NORMAL,25.0,7.7,100.0,6.37,120.0,40.0,109.337,4584.54
1410.0,NORMAL,25.0,7.7,100.0,6.37,120.0,40.0,109.337,4584.54
1411.0,NORMAL,25.0,7.7,100.0,6.37,120.0,40.0,109.337,4584.54
1412.0,NORMAL,25.0,7.7,100.0,6.37,120.0,40.0,109.337,4584.54
1413.0,NORMAL,25.0,7.7,100.0,6.37,120.0,40.0,109.337,4584.54
1414.0,NORMAL,25.0,7.7,100.0,6.37,120.0,40.0,109.337,4584.54
1415.0,NORMAL,25.0,7.7,100.0,6.37,120.0,40.0,109.337,4584.54
1416.0,NORMAL,25.0,7.7,100.0,6.37,120.0,40.0,109.337,4584.54
1417.0,NORMAL,25.0,7.7,100.0,6.37,120.0,40.0,109.337,4584.54
1418.0,NORMAL,25.0,7.7,100.0,6.37,120.0,40.0,109.337,4584.54
1419.0,NORMAL,25.0,7.7,100.0,6.37,120.0,40.0,109.337,4584.54
1420.0,NORMAL,25.0,7.7,100.0,6.37,120.0,40.0,109.337,4584.54
1421.0,NORMAL,25.0,7.7,100.0,6.37,120.0,40.0,109.337,4584.54
1422.0,NORMAL,25.0,7.7,100.0,6.37,120.0,40.0,109.337,4584.54
1423.0,NORMAL,25.0,7.7,100.0,6.37,120.0,40.0,109.337,4584.54
1424.0,NORMAL,25.0,7.7,100.0,6.37,120.0,40.0,109.337,4584.54
1425.0,NORMAL,25.0,7.7,100.0,6.37,120.0,40.0,109.337,4584.54
1426.0,NORMAL,25.0,7.7,100.0,6.37,120.0,40.0,109.337,4584.54
1427.0,NORMAL,25.0,7.7,100.0,6.37,120.0,40.0,109.337,4584.54
1428.0,NORMAL,25.0,7.7,100.0,6.37,120.0,40.0,109.337,4584.54
1429.0,NORMAL,25.0,7.7,100.0,6.37,120.0,40.0,109.337,4584.54
1430.0,NORMAL,25.0,7.7,100.0,6.37,120.0,40.0,109.337,4584.54
1431.0,NORMAL,25.0,7.7,100.0,6.37,120.0,40.0,109.337,4584.54
1432.0,NORMAL,25.0,7.7,100.0,6.37,120.0,40.0,109.337,4584.54
1433.0,NORMAL,25.0,7.7,100.0,6.37,120.0,40.0,109.337,4584.54
1434.0,NORMAL,25.0,7.7,100.0,6.37,120.0,40.0,109.337,4584.54
1435.0,NORMAL,25.0,7.7,100.0,6.37,120.0,40.0,109.337,4584.54
1436.0,NORMAL,25.0,7.7,100.0,6.37,120.0,40.0,109.337,4584.54
1437.0,NORMAL,25.0,7.7,100.0,6.37,120.0,40.0,109.337,4584.54
1438.0,NORMAL,25.0,7.7,100.0,6.37,120.0,40.0,109.337,4584.54
1439.0,NORMAL,25.0,7.7,100.0,6.37,120.0,40.0,109.337,4584.54
1440.0,NORMAL,25.0,7.7,100.0,6.37,120.0,40.0,109.337,4584.54
1441.0,NORMAL,25.0,7.7,100.0,6.37,120.0,40.0,109.337,4584.54
