time_min,inlet_temp,u1_flow,u1_outlet,u2_flow,u2_outlet,scope1_co2,opex
1.0,25.0,8.0,102.9,5.0,119.67,107.071,4477.85
2.0,25.0,7.77,102.52,5.03,119.37,104.672,4378.9
3.0,25.0,7.57,101.88,5.1,119.06,102.781,4301.18
4.0,25.0,7.42,101.1,5.19,118.74,101.61,4253.49
5.0,25.0,7.33,100.31,5.32,118.44,101.263,4240.19
6.0,25.0,7.3,99.61,5.47,118.18,101.72,4260.44
7.0,25.3,7.33,99.1,5.65,118.0,102.701,4302.87
8.0,25.54,7.39,98.8,5.85,117.91,104.023,4359.6
9.0,25.73,7.46,98.67,6.06,117.93,105.493,4422.59
10.0,25.87,7.53,98.69,6.27,118.06,106.949,4484.97
11.0,25.29,7.59,98.75,6.46,118.28,108.649,4556.79
12.0,24.81,7.68,98.9,6.64,118.57,110.457,4632.99
13.0,24.42,7.72,99.07,6.73,118.88,111.495,4676.61
14.0,24.12,7.78,99.27,6.79,119.2,112.433,4715.86
15.0,23.88,7.83,99.51,6.82,119.51,113.197,4747.65
16.0,23.69,7.88,99.76,6.82,119.8,113.73,4769.62
17.0,23.56,7.91,100.02,6.79,120.06,114.012,4780.97
18.0,23.46,7.93,100.25,6.73,120.27,114.022,4780.84
19.0,23.4,7.94,100.46,6.66,120.43,113.797,4770.8
20.0,23.37,7.93,100.62,6.56,120.54,113.359,4751.76
21.0,23.36,7.91,100.72,6.46,120.59,112.758,4725.89
22.0,23.36,7.89,100.76,6.35,120.58,112.061,4696.0
23.0,23.39,7.86,100.75,6.24,120.51,111.338,4665.04
24.0,23.42,7.83,100.7,6.14,120.39,110.638,4635.08
25.0,23.46,7.8,100.61,6.05,120.24,110.012,4608.31
26.0,23.51,7.78,100.51,5.98,120.06,109.499,4586.35
27.0,23.57,7.81,100.48,5.97,119.91,109.834,4600.17
28.0,23.63,7.8,100.44,5.93,119.75,109.474,4584.89
29.0,23.69,7.83,100.46,5.96,119.64,109.899,4602.77
30.0,23.76,7.81,100.45,5.94,119.53,109.575,4589.28
31.0,23.82,7.83,100.49,5.99,119.48,109.991,4607.01
32.0,23.88,7.8,100.48,5.99,119.43,109.624,4591.92
33.0,23.95,7.82,100.5,6.05,119.42,109.986,4607.5
34.0,24.01,7.78,100.47,6.06,119.41,109.567,4590.29
35.0,24.07,7.8,100.46,6.12,119.44,109.881,4603.92
36.0,24.12,7.76,100.4,6.12,119.45,109.434,4585.52
37.0,24.18,7.77,100.37,6.18,119.49,109.744,4598.94
38.0,24.23,7.78,100.37,6.23,119.55,110.027,4611.18
39.0,24.28,7.74,100.3,6.22,119.59,109.535,4590.84
40.0,24.33,7.75,100.27,6.26,119.64,109.8,4602.2
41.0,24.38,7.71,100.19,6.25,119.66,109.318,4582.17
42.0,24.42,7.73,100.15,6.28,119.69,109.606,4594.41
43.0,24.46,7.75,100.15,6.31,119.73,109.886,4606.36
44.0,24.5,7.71,100.09,6.29,119.75,109.404,4586.2
45.0,24.54,7.73,100.08,6.32,119.78,109.678,4597.81
46.0,24.57,7.74,100.1,6.34,119.81,109.92,4608.06
47.0,24.6,7.71,100.06,6.31,119.82,109.392,4585.93
48.0,24.63,7.72,100.05,6.33,119.83,109.613,4595.27
49.0,24.66,7.74,100.07,6.34,119.86,109.816,4603.87
50.0,24.68,7.7,100.03,6.31,119.85,109.251,4580.13
51.0,24.71,7.71,100.01,6.32,119.85,109.448,4588.44
52.0,24.73,7.73,100.03,6.34,119.87,109.639,4596.53
53.0,24.75,7.74,100.06,6.35,119.89,109.79,4602.93
54.0,24.77,7.7,100.02,6.31,119.88,109.175,4577.12
55.0,24.79,7.71,100.0,6.32,119.88,109.325,4583.41
56.0,24.81,7.72,100.01,6.33,119.88,109.475,4589.77
57.0,24.82,7.72,100.02,6.35,119.89,109.602,4595.15
58.0,24.84,7.73,100.05,6.36,119.91,109.708,4599.68
59.0,24.85,7.74,100.09,6.37,119.94,109.769,4602.3
60.0,24.86,7.69,100.03,6.32,119.93,109.061,4572.58
61.0,24.87,7.69,100.0,6.33,119.92,109.142,4575.98
62.0,24.88,7.7,99.98,6.34,119.92,109.243,4580.25
63.0,25.49,7.71,100.03,6.35,119.92,109.002,4570.85
64.0,25.99,7.68,100.07,6.35,119.94,108.447,4548.35
65.0,26.37,7.62,100.05,6.36,119.95,107.647,4515.64
66.0,26.67,7.55,99.94,6.37,119.95,106.728,4477.83
67.0,26.9,7.47,99.74,6.37,119.93,105.807,4439.93
68.0,27.06,7.4,99.48,6.38,119.88,105.001,4406.66
69.0,27.18,7.34,99.16,6.39,119.81,104.396,4381.72
70.0,27.25,7.29,98.84,6.41,119.71,104.06,4367.92
71.0,27.28,7.27,98.55,6.44,119.62,104.017,4366.34
72.0,27.28,7.28,98.31,6.48,119.53,104.247,4376.16
73.0,27.26,7.3,98.14,6.52,119.46,104.715,4395.9
74.0,27.23,7.33,98.05,6.58,119.41,105.356,4422.9
75.0,27.17,7.38,98.04,6.64,119.41,106.097,4454.07
76.0,27.11,7.43,98.11,6.69,119.45,106.864,4486.36
77.0,27.03,7.47,98.23,6.75,119.52,107.575,4516.33
78.0,26.95,7.51,98.39,6.8,119.63,108.191,4542.27
79.0,26.87,7.54,98.56,6.83,119.76,108.666,4562.29
80.0,26.78,7.57,98.73,6.86,119.9,108.988,4575.87
81.0,26.7,7.58,98.89,6.87,120.05,109.164,4583.26
82.0,26.61,7.58,99.02,6.86,120.18,109.197,4584.53
83.0,26.52,7.58,99.12,6.85,120.29,109.126,4581.4
84.0,26.43,7.57,99.18,6.82,120.38,108.985,4575.26
85.0,26.35,7.57,99.22,6.78,120.43,108.816,4567.82
86.0,26.27,7.56,99.23,6.73,120.46,108.642,4560.16
87.0,26.19,7.56,99.23,6.69,120.46,108.496,4553.58
88.0,25.77,7.56,99.2,6.64,120.43,108.59,4556.67
89.0,25.42,7.59,99.19,6.6,120.38,108.912,4569.3
90.0,25.14,7.63,99.22,6.56,120.32,109.41,4589.31
91.0,24.9,7.69,99.32,6.53,120.27,110.014,4613.82
92.0,24.72,7.7,99.4,6.45,120.19,109.919,4609.02
93.0,24.57,7.71,99.47,6.38,120.1,109.864,4605.97
94.0,24.45,7.72,99.55,6.32,120.01,109.846,4604.54
95.0,24.36,7.74,99.62,6.27,119.91,109.84,4603.76
96.0,24.73,7.75,99.74,6.23,119.82,109.595,4593.51
97.0,25.02,7.78,99.92,6.25,119.78,109.828,4603.62
98.0,25.27,7.74,100.01,6.22,119.74,109.065,4572.03
99.0,25.46,7.72,100.08,6.25,119.73,108.871,4564.45
100.0,25.61,7.7,100.11,6.28,119.74,108.549,4551.51
101.0,25.72,7.66,100.08,6.3,119.76,108.149,4535.3
102.0,25.81,7.61,99.99,6.33,119.78,107.74,4518.66
103.0,25.87,7.57,99.86,6.35,119.79,107.38,4504.01
104.0,25.92,7.54,99.7,6.37,119.78,107.119,4493.4
105.0,25.94,7.52,99.54,6.39,119.77,106.988,4488.16
106.0,25.95,7.51,99.38,6.41,119.76,106.996,4488.69
107.0,25.95,7.51,99.26,6.44,119.74,107.144,4494.98
108.0,25.94,7.52,99.17,6.46,119.73,107.4,4505.78
109.0,25.92,7.54,99.13,6.49,119.73,107.736,4519.93
110.0,25.9,7.57,99.13,6.52,119.75,108.11,4535.65
111.0,25.87,7.59,99.17,6.54,119.78,108.48,4551.18
112.0,25.84,7.61,99.24,6.56,119.83,108.813,4565.18
113.0,25.81,7.63,99.32,6.58,119.88,109.079,4576.34
114.0,25.77,7.65,99.41,6.59,119.95,109.271,4584.41
115.0,25.73,7.65,99.49,6.6,120.01,109.381,4589.03
116.0,25.36,7.66,99.54,6.6,120.07,109.618,4598.58
117.0,25.05,7.68,99.58,6.59,120.13,109.961,4612.45
118.0,24.81,7.66,99.56,6.53,120.14,109.663,4599.3
119.0,24.61,7.7,99.6,6.51,120.14,110.212,4621.75
120.0,24.45,7.71,99.63,6.45,120.11,110.078,4615.42
121.0,24.33,7.71,99.65,6.39,120.06,109.998,4611.44
